Page,URL
0,https://www.channelnewsasia.com/news/singapore/mental-health-elderly-suicide-death-wellbeing-15187078
0,https://www.channelnewsasia.com/news/sport/tennis--athletes-are-humans---osaka-stands-by-decision-to-skip-media-duties-15181690
0,https://www.channelnewsasia.com/news/singapore/suicide-highest-record-elderly-mental-health-isolation-covid-19-15179528
0,https://www.channelnewsasia.com/news/lifestyle/mental-health-kids-suicide-15120448
0,https://www.channelnewsasia.com/news/singapore/ai-in-mental-health-screening-system-enables-early-detection-of-15126254
0,https://www.channelnewsasia.com/news/commentary/britney-spears-conservator-guardian-us-court-framing-documentary-15108750
0,https://www.channelnewsasia.com/news/commentary/music-eilish-spears-lovato-gaga-metoo-abuse-mental-health-media-15090460
0,https://www.channelnewsasia.com/news/commentary/night-owls-work-home-more-rest-morning-lark-revenge-bedtime-15082770
0,https://www.channelnewsasia.com/news/video-on-demand/asia-first-encore/cna-talking-point-discusses-keeping-kids-occupied-this-school-15077584
0,https://www.channelnewsasia.com/news/commentary/mental-health-challenges-work-from-home-employers-leave-15066440
1,https://www.channelnewsasia.com/news/commentary/revenge-bedtime-procrastination-sleep-difficulty-falling-asleep-14971486
1,https://www.channelnewsasia.com/news/commentary/covid-19-coronavirus-productivity-mental-health-wellbeing-tips-14993716
1,https://www.channelnewsasia.com/news/sport/tennis-french-open-organisers-defend-osaka-handling--say--can-do-better--on-mental-health-15006586
1,https://www.channelnewsasia.com/news/cna-luxury/experiences/a-career-in-luxury-wellness-and-hospitality-14992594
1,https://www.channelnewsasia.com/news/commentary/work-from-home-productivity-mental-health-employees-14808720
1,https://www.channelnewsasia.com/news/commentary/covid-19-phase-2-dining-in-parent-mum-kid-burnout-mental-health-14966242
1,https://www.channelnewsasia.com/news/lifestyle/how-to-reset-online-boundaries-intimacy-issues-14944390
1,https://www.channelnewsasia.com/news/lifestyle/job-work-mental-health-wellbeing-14943452
1,https://www.channelnewsasia.com/news/singapore/singapore-mental-health-awareness-stigma-conditions-depression-14903772
1,https://www.channelnewsasia.com/news/sport/olympics-britain-to-have-mental-health-support-for-athletes--staff-at-tokyo-14946464
2,https://www.channelnewsasia.com/news/video-on-demand/on-the-red-dot-fy2122/give-mum-a-break-can-we-survive-without-mum-14747452
2,https://www.channelnewsasia.com/news/sport/tennis-osaka-should-be-applauded-for-prioritising-mental-health---stephens-14930250
2,https://www.channelnewsasia.com/news/commentary/community-cats-cruelty-ang-mo-kio-spca-cases-animal-abuse-14926110
2,https://www.channelnewsasia.com/news/sport/tennis-navratilova-sad-for-osaka-says-mental-health-gets-short-14923210
2,https://www.channelnewsasia.com/news/commentary/covid-19-coronavirus-singapore-mental-health-hotline-resource-14899148
2,https://www.channelnewsasia.com/news/commentary/lady-wearing-mask-people-with-strange-behaviour-mentally-ill-14882128
2,https://www.channelnewsasia.com/news/sport/tennis-citing-mental-health-concerns-osaka-says-she-won-t-do-14894250
2,https://www.channelnewsasia.com/news/cna-lifestyle/lifestyle/prince-harry-and-oprah-reunite-for-mental-health-follow-up-show-14890628
2,https://www.channelnewsasia.com/news/cna-luxury/experiences/online-workouts-stay-home-14856584
2,https://www.channelnewsasia.com/news/video-on-demand/on-the-red-dot-fy2122/give-mum-a-break-what-awaits-mum-at-home-14848280
3,https://www.channelnewsasia.com/news/video-on-demand/on-the-red-dot-fy2122/give-mum-a-break-will-dad-step-up-14794478
3,https://www.channelnewsasia.com/news/world/covid-19-lockdown-restrictions-in-germany-take-toll-on-mental-14802692
3,https://www.channelnewsasia.com/news/sport/rugby-lions-need-mental-health-support-on-south-africa-tour--marler-14794330
3,https://www.channelnewsasia.com/news/lifestyle/lady-gaga-glenn-close-prince-harry-oprah-tv-series-14781864
3,https://www.channelnewsasia.com/news/video-on-demand/asia-first-encore/cna-on-the-red-dot-new-series-give-mum-a-break-14765220
3,https://www.channelnewsasia.com/news/lifestyle/how-to-feel-happy-again-mental-health-flourishing-languishing-14751842
3,https://www.channelnewsasia.com/news/commentary/singapore-covid-cases-phase-2-gyms-closed-reopen-outdoor-fitness-14762146
3,https://www.channelnewsasia.com/news/commentary/grief-mental-health-covid-19-pandemic-workers-wellness-13897940
3,https://www.channelnewsasia.com/news/cna-lifestyle/lifestyle/art-attack--israeli-ex-sniper-blasts-paint-in-mental-health-message-14748632
3,https://www.channelnewsasia.com/news/singapore/mental-health-silver-ribbon-employers-award-14741218
4,https://www.channelnewsasia.com/news/commentary/body-dysmorphia-vanity-obsession-mental-health-treatment-14664166
4,https://www.channelnewsasia.com/news/video-on-demand/work-able/do-i-have-a-future-14325948
4,https://www.channelnewsasia.com/news/video-on-demand/work-able/i-want-to-hire-you-but-14270826
4,https://www.channelnewsasia.com/news/video-on-demand/work-able/when-dreams-meet-reality-14213012
4,https://www.channelnewsasia.com/news/video-on-demand/work-able/find-me-a-job-14170896
4,https://www.channelnewsasia.com/news/video-on-demand/work-able/struggling-with-obsessions-14098190
4,https://www.channelnewsasia.com/news/video-on-demand/work-able/am-i-different-14007182
4,https://www.channelnewsasia.com/news/sport/australia-s-zampa-says-pulled-out-of-ipl-for-mental-health-14707954
4,https://www.channelnewsasia.com/news/commentary/hybrid-working-remote-work-from-home-laws-policies-mom-safety-14635054
4,https://www.channelnewsasia.com/news/lifestyle/does-daydreaming-inspire-happiness-or-harm-to-mental-health-14606434
5,https://www.channelnewsasia.com/news/world/france-fights-kids--mental-health-woes-with-free-counseling-14622722
5,https://www.channelnewsasia.com/news/world/the-effects-of-covid-19-restrictions-on-us-children-s-mental-14555478
5,https://www.channelnewsasia.com/news/world/1-in-3-covid-19-survivors-mental-neurological-problems-14571084
5,https://www.channelnewsasia.com/news/video-on-demand/cna-correspondent/covid-19-no-child-s-play-14547092
5,https://www.channelnewsasia.com/news/video-on-demand/why-it-matters-4/why-it-matters-special-covid-by-numbers-14501060
5,https://www.channelnewsasia.com/news/business/us-lawmakers-press-big-tech-for-internal-research-on-kids--mental-health-14529530
5,https://www.channelnewsasia.com/news/cna-luxury/people/malaysia-royal-launches-mental-health-initiative-14486552
5,https://www.channelnewsasia.com/news/business/betterup-ceo-says-prince-harry-hire-is-a-natural-fit-not-a-14485010
5,https://www.channelnewsasia.com/news/cna-luxury/experiences/how-singapore-companies-are-taking-care-of-their-employees-14470028
5,https://www.channelnewsasia.com/news/business/prince-harry-to-be-chief-impact-officer-at-mental-health-firm-betterup-14473734
6,https://www.channelnewsasia.com/news/commentary/email-file-storage-delete-hoarding-productivity-work-tips-inbox-14445314
6,https://www.channelnewsasia.com/news/cna-luxury/people/singapore-startup-mental-health-app-intellect-theodoric-chew-14426028
6,https://www.channelnewsasia.com/news/cnainsider/high-suicide-rate-region-thailand-grapples-mental-health-covid-14430142
6,https://www.channelnewsasia.com/news/commentary/sleep-quality-hours-rest-mental-health-wellbeing-tips-covid-work-14392578
6,https://www.channelnewsasia.com/news/video-on-demand/undercover-asia/the-suicide-epidemic-thailand-14276024
6,https://www.channelnewsasia.com/news/singapore/singapore-mental-health-awareness-elderly-seniors-dementia-14271078
6,https://www.channelnewsasia.com/news/cna-luxury/experiences/trapeze-rec-club-singapore-fitness-wellness-mental-health-14339844
6,https://www.channelnewsasia.com/news/singapore/mental-health-curriculum-polytechnics-ite-schools-moe-14322204
6,https://www.channelnewsasia.com/news/singapore/positive-parenting-programme-youth-mental-health-awareness-14321032
6,https://www.channelnewsasia.com/news/commentary/phone-call-anxiety-social-disorder-mental-health-tips-therapy-14314604
7,https://www.channelnewsasia.com/news/commentary/work-addiction-life-balance-employer-hours-burnout-mental-health-14171724
7,https://www.channelnewsasia.com/news/singapore/students-learn-about-mental-well-being-in-refreshed-curriculum-14228958
7,https://www.channelnewsasia.com/news/video-on-demand/talking-point-fy2021/migrant-worker-dormitories-one-year-on-14207484
7,https://www.channelnewsasia.com/news/asia/k-pop-stars-promote-mental-health-awareness-14158996
7,https://www.channelnewsasia.com/news/world/covid-19-uk-britain-university-students-mental-health-14105834
7,https://www.channelnewsasia.com/news/asia/japan-suicide-end-10-year-decline-covid-19-pandemic-job-stress-14017762
7,https://www.channelnewsasia.com/news/singapore/mental-wellness-programmes-mindfulness-courses-covid-19-stress-13904826
7,https://www.channelnewsasia.com/news/singapore/companies-rethinking-office-space-emphasis-mental-wellness-2021-13793878
7,https://www.channelnewsasia.com/news/video-on-demand/strangers-in-my-head/the-mind-s-chaos-13842854
7,https://www.channelnewsasia.com/news/singapore/eating-disorders-festive-season-youth-mental-health-13836172
8,https://www.channelnewsasia.com/news/lifestyle/how-to-combat-the-epidemic-of-loneliness-from-a-safe-distance-13828270
8,https://www.channelnewsasia.com/news/video-on-demand/strangers-in-my-head/the-long-winding-road-13796918
8,https://www.channelnewsasia.com/news/lifestyle/teenagers-covid-19-mental-health-wellness-free-time-13794714
8,https://www.channelnewsasia.com/news/video-on-demand/becoming-human-again/becoming-human-again-13797940
8,https://www.channelnewsasia.com/news/lifestyle/how-to-cope-with-holiday-blues-pandemic-mental-health-13526064
8,https://www.channelnewsasia.com/news/video-on-demand/strangers-in-my-head/a-face-in-the-crowd-13703458
8,https://www.channelnewsasia.com/news/video-on-demand/strangers-in-my-head/moving-to-my-own-beat-13768642
8,https://www.channelnewsasia.com/news/asia/covid-19-impact-on-south-koreans-video-13749328
8,https://www.channelnewsasia.com/news/sport/england-odi-series-in-south-africa-postponed-over-mental-health-fears-13719016
8,https://www.channelnewsasia.com/news/singapore/the-big-read-enough-is-enough-just-what-does-it-take-to-break-13659308
9,https://www.channelnewsasia.com/news/advertorial/counselling--like-gym-training-for-the-mind-13600740
9,https://www.channelnewsasia.com/news/sport/f1-should-talk-more-about-mental-health--says-norris-13596980
9,https://www.channelnewsasia.com/news/singapore/employee-workplace-mental-health-insurance-tripartite-advisory-13586244
9,https://www.channelnewsasia.com/news/videos/hong-kong-hit-by-mental-health-epidemic-amid-social-strife-video-11712996
9,https://www.channelnewsasia.com/news/video-on-demand/spark-the-next-chapter/sylvia-chan-12561532
9,https://www.channelnewsasia.com/news/video-on-demand/talking-point-fy2021/how-are-kids-coping-with-covid-19-12870744
9,https://www.channelnewsasia.com/news/video-on-demand/on-the-red-dot-fy2021/it-s-not-easy-being-old-12712430
9,https://www.channelnewsasia.com/news/video-on-demand/talking-point-fy2021/can-technology-save-my-child-13286664
9,https://www.channelnewsasia.com/news/world/experts-in-us-warn-of-long-term-mental-health-impact-due-to-13194458
9,https://www.channelnewsasia.com/news/singapore/number-of-suicides-among-those-in-their-20s-highest-in-singapore-12987180
10,https://www.channelnewsasia.com/news/singapore/mom-task-force-improve-support-migrant-workers-mental-health-13479636
10,https://www.channelnewsasia.com/news/lifestyle/how-to-help-kids-open-up-about-anything-13312542
10,https://www.channelnewsasia.com/news/asia/japan-mental-health-online-counselling-therapy-13349862
10,https://www.channelnewsasia.com/news/cnainsider/can-online-technologies-save-youths-suicide-solutions-hurdles-13330570
10,https://www.channelnewsasia.com/news/commentary/talking-about-mental-health-dating-sites-relationship-lovenn-13272542
10,https://www.channelnewsasia.com/news/singapore/jobs-mental-health-environment-parliament-debate-covid-19-13282354
10,https://www.channelnewsasia.com/news/world/nurses-suffer-burn-out-psychological-distress-in-covid-19-fight-13247678
10,https://www.channelnewsasia.com/news/cnainsider/mental-disorders-casework-imh-emergency-room-services-department-13245596
10,https://www.channelnewsasia.com/news/commentary/push-up-challenge-for-mental-health-singapore-suicides-covid-19-13238174
10,https://www.channelnewsasia.com/news/singapore/mental-health-moh-reviewing-community-support-13210776
11,https://www.channelnewsasia.com/news/commentary/covid-19-work-from-home-leave-rest-sleep-burnout-mental-health-13203450
11,https://www.channelnewsasia.com/news/cna-luxury/people/dr-jade-kua-life-coach-singapore-doctor-13167094
11,https://www.channelnewsasia.com/news/singapore/the-big-read-covid-19-job-loss-retrenchment-mental-health-13125706
11,https://www.channelnewsasia.com/news/cna-lifestyle/lifestyle/tips-for-managing-mental-health-during-covid-19-13121944
11,https://www.channelnewsasia.com/news/commentary/covid-19-survivors-deaths-guilty-mental-health-13040632
11,https://www.channelnewsasia.com/news/singapore/suicide-rates-singapore-young-adults-risk-factors-sos-13035710
11,https://www.channelnewsasia.com/news/singapore/mental-health-workplace-staff-support-counselling-12970064
11,https://www.channelnewsasia.com/news/singapore/migrant-workers-mental-health-suicides-covid-19-mom-12989854
11,https://www.channelnewsasia.com/news/sport/uk-s-prince-william-joins-footballer-s-podcast-as-part-of-mental-health-campaign-12971740
11,https://www.channelnewsasia.com/news/cna-luxury/experiences/silent-retreat-mindfulness-meditation-12960152
12,https://www.channelnewsasia.com/news/commentary/commentary-in-defence-of-baking-bread-watching-reality-tv-and-12939016
12,https://www.channelnewsasia.com/news/singapore/covid-19-mental-health-platform-launched-mindline-sg-12909640
12,https://www.channelnewsasia.com/news/cna-luxury/people/mental-health-advocate-porsche-poh-silver-ribbon-12897424
12,https://www.channelnewsasia.com/news/commentary/coronavirus-covid-19-ocd-mental-health-hand-wash-internet-addict-12852464
12,https://www.channelnewsasia.com/news/commentary/coronavirus-covid-19-time-pass-slower-faster-staying-home-12829628
12,https://www.channelnewsasia.com/news/commentary/counselling-therapy-sessions-move-online-covid-19-coronavirus-12815630
12,https://www.channelnewsasia.com/news/commentary/covid-19-takes-toll-on-sleep-physical-mental-health-well-being-12822806
12,https://www.channelnewsasia.com/news/lifestyle/prince-william-volunteer-crisis-text-help-line-shout-12814478
12,https://www.channelnewsasia.com/news/commentary/cyber-bullying-getting-worse-even-covid-19-thivya-suicide-12788682
12,https://www.channelnewsasia.com/news/world/viral-humour-dark-online-gags-soothing-angst-12788604
13,https://www.channelnewsasia.com/news/singapore/youth-engagement-mental-health-jobs-sg-youth-action-plan-12779532
13,https://www.channelnewsasia.com/news/commentary/coronavirus-covid-lockdown-stress-exercise-mental-health-benefit-12774702
13,https://www.channelnewsasia.com/news/commentary/kids-return-to-school-covid-19-coronavirus-circuit-breaker-12731702
13,https://www.channelnewsasia.com/news/asia/covid-19-jakarta-mental-struggle-athlete-village-indonesia-12748260
13,https://www.channelnewsasia.com/news/commentary/coronavirus-covid-19-money-personal-finance-anxiety-job-pay-cut-12752216
13,https://www.channelnewsasia.com/news/commentary/woman-shunfu-market-sovereign-mental-health-illness-stigma-covid-12723756
13,https://www.channelnewsasia.com/news/lifestyle/singapore-landmarks-turn-blue-mental-health-awareness-covid-19-12711196
13,https://www.channelnewsasia.com/news/commentary/covid-19-may-worsen-mental-health-in-singapore-12703566
13,https://www.channelnewsasia.com/news/cna-luxury/experiences/covid-19-how-to-make-stress-work-for-you-12672990
13,https://www.channelnewsasia.com/news/commentary/covid-19-coronavirus-staying-home-improving-ourselves-12673114
14,https://www.channelnewsasia.com/news/singapore/covid19-manpower-ministry-advisory-mental-health-12673892
14,https://www.channelnewsasia.com/news/commentary/coronavirus-covid-19-remote-work-from-home-burnout-stress-tips-12662278
14,https://www.channelnewsasia.com/news/cnainsider/covid19-recovering-addicts-circuit-breaker-we-care-12657754
14,https://www.channelnewsasia.com/news/cna-luxury/experiences/early-retirement-problems-12651760
14,https://www.channelnewsasia.com/news/singapore/covid-19-fear-toll-mental-health-hotline-anxiety-singapore-12631710
14,https://www.channelnewsasia.com/news/singapore/covid-19-loneliness-isolation-among-elderly-safe-distancing-12611158
14,https://www.channelnewsasia.com/news/commentary/working-towards-a-zero-suicide-rate-in-singapore-12606260
14,https://www.channelnewsasia.com/news/commentary/covid-19-coronavirus-stay-home-work-quarantine-self-isolation-12548400
14,https://www.channelnewsasia.com/news/commentary/discriminatory-hiring-persons-with-mental-health-12530752
14,https://www.channelnewsasia.com/news/asia/indonesia-jakarta-hugging-indocuddle-psychological-effect-debate-12508724
15,https://www.channelnewsasia.com/news/singapore/increased-student-care-subsidy-lower-income-families-12505790
15,https://www.channelnewsasia.com/news/singapore/integrated-youth-service-lam-pin-min-cos-12504846
15,https://www.channelnewsasia.com/news/singapore/schools-mental-health-lessons-2021-more-trips-asia-moe-12499088
15,https://www.channelnewsasia.com/news/singapore/mental-health-wellbeing-workplace-singapore-mom-12495426
15,https://www.channelnewsasia.com/news/singapore/public-service-committed-to-provide-inclusive-and-mental-health-12389904
15,https://www.channelnewsasia.com/news/singapore/survived-their-health-condition-give-back-cancer-mental-health-12374430
15,https://www.channelnewsasia.com/news/commentary/public-toilet-shy-bladder-bowel-social-anxiety-disorder-health-12322454
15,https://www.channelnewsasia.com/news/singapore/60-000-subsidised-outpatients-seek-treatment-mental-disorders-12240990
15,https://www.channelnewsasia.com/news/commentary/lonely-medical-mental-physical-health-crisis-emotion-depression-12230070
15,https://www.channelnewsasia.com/news/commentary/decriminalise-suicide-singapore-penal-code-reform-crime-prevent-12230298
16,https://www.channelnewsasia.com/news/cna-luxury/experiences/how-to-deal-with-difficult-relatives-during-the-holidays-12192802
16,https://www.channelnewsasia.com/news/cna-luxury/experiences/coping-with-loneliness-over-the-festive-season-12158662
16,https://www.channelnewsasia.com/news/cna-luxury/experiences/benefits-of-spending-time-alone-12137354
16,https://www.channelnewsasia.com/news/commentary/hikikomori-japan-social-recluse-hermits-withdrawal-8050-11920876
16,https://www.channelnewsasia.com/news/singapore/suicide-singapore-mental-health-myths-understanding-help-12069924
16,https://www.channelnewsasia.com/news/singapore/suicide-mental-health-samaritans-hotline-volunteer-call-12069654
16,https://www.channelnewsasia.com/news/world/us-students-suicide-hotline-sex-line-12053496
16,https://www.channelnewsasia.com/news/commentary/disruption-prioritise-mental-health-impact-youths-singapore-11987948
16,https://www.channelnewsasia.com/news/singapore/mental-health-youths-suicide-depression-listen-11994612
16,https://www.channelnewsasia.com/news/commentary/shopping-addiction-compulsive-buying-disorder-mental-health-11962906
17,https://www.channelnewsasia.com/news/singapore/teen-ocd-family-struggle-treatment-11963594
17,https://www.channelnewsasia.com/news/lifestyle/caring-for-dementia-11868338
17,https://www.channelnewsasia.com/news/commentary/texas-el-paso-shooting-mental-illness-gun-violence-donald-trump-11787914
17,https://www.channelnewsasia.com/news/asia/malaysian-student-suicide-jerusha-sanjeevi-utah-state-uni-sued-11788540
17,https://www.channelnewsasia.com/news/singapore/moe-msf-very-concerned-about-spike-in-youth-suicides-experts-say-11775260
17,https://www.channelnewsasia.com/news/commentary/anger-management-mental-health-intense-urge-hurt-11669752
17,https://www.channelnewsasia.com/news/commentary/middle-life-crisis-how-to-deal-with-age-retirement-adequacy-11755392
17,https://www.channelnewsasia.com/news/commentary/children-video-games-gaming-addition-parenting-how-to-know-11736662
17,https://www.channelnewsasia.com/news/singapore/criminals-mental-health-singapore-courts-prisons-11535486
17,https://www.channelnewsasia.com/news/commentary/signs-burnout-chronic-stress-anxiety-mental-health-who-how-know-11611104
18,https://www.channelnewsasia.com/news/lifestyle/kanye-west-mental-health-bipolar-david-letterman-11584454
18,https://www.channelnewsasia.com/news/advertorial/a-flying-start-to-medicine-11450300
18,https://www.channelnewsasia.com/news/commentary/how-to-cope-burn-out-work-demands-stress-tired-office-11496502
18,https://www.channelnewsasia.com/news/commentary/teachers-bullied-by-students-parents-school-anxiety-depression-11506788
18,https://www.channelnewsasia.com/news/cna-luxury/experiences/does-waking-up-before-sunrise-make-you-a-more-successful-person-11490130
18,https://www.channelnewsasia.com/news/advertorial/on-a-mission-for-mental-health-11422336
18,https://www.channelnewsasia.com/news/commentary/what-postnatal-pregnancy-mental-health-depression-feels-like-11407134
18,https://www.channelnewsasia.com/news/health/air-pollution-linked-with-psychotic-experiences-in-teens-uk-11387516
18,https://www.channelnewsasia.com/news/commentary/helicopter-parenting-unhappy-controlled-children-teenagers-uk-11293524
18,https://www.channelnewsasia.com/news/commentary/smiling-depression-appearing-happy-dangerous-mental-health-11275972
19,https://www.channelnewsasia.com/news/commentary/sleeping-later-bad-for-health-and-well-being-11212304
19,https://www.channelnewsasia.com/news/commentary/hoarding-decluttering-tidying-distress-heartache-hoarders-tough-11209076
19,https://www.channelnewsasia.com/news/commentary/millennials-tired-no-sleep-exhausted-the-burntout-generation-11178398
19,https://www.channelnewsasia.com/news/commentary/hiv-data-leaks-public-attitudes-fear-prejudice-myths-debunked-11193694
19,https://www.channelnewsasia.com/news/commentary/andy-murray-retirement-show-elite-athletes-need-psychologists-11148638
19,https://www.channelnewsasia.com/news/singapore/aia-launches-first-insurance-policy-singapore-covers-mental-illn-11165002
19,https://www.channelnewsasia.com/news/commentary/from-sick-care-well-care-here-how-to-end-mental-health-stigma-11133166
19,https://www.channelnewsasia.com/news/cnainsider/hong-kong-mental-health-suicidal-youth-psychologist-jamie-chiu-11144086
19,https://www.channelnewsasia.com/news/commentary/having-a-second-child-worsens-parent-s-mental-health-11069444
19,https://www.channelnewsasia.com/news/commentary/does-crying-help-you-feel-better-why-cry-in-office-11027334
20,https://www.channelnewsasia.com/news/commentary/new-year-resolution-be-kinder-to-yourself-reaps-success-11068506
20,https://www.channelnewsasia.com/news/commentary/how-to-communicate-someone-with-dementia-caring-for-10976300
20,https://www.channelnewsasia.com/news/commentary/christmas-festive-season-depression-ocd-lonely-sad-grief-stress-11059260
20,https://www.channelnewsasia.com/news/singapore/ocd-mental-health-condition-often-misunderstood-11046570
20,https://www.channelnewsasia.com/news/singapore/ocd-one-of-the-most-common-mental-disorders-in-singapore-11020354
20,https://www.channelnewsasia.com/news/commentary/work-stress-boss-fault-relationship-with-leader-plays-a-role-10938408
20,https://www.channelnewsasia.com/news/commentary/break-up-hard-psychology-closure-ghosted-disappear-explanation-10866244
20,https://www.channelnewsasia.com/news/commentary/jose-mourinho-high-stress-job-insecurity-football-coaches-10891090
20,https://www.channelnewsasia.com/news/commentary/toxic-workplaces-colleagues-how-to-deal-with-imposter-10866816
20,https://www.channelnewsasia.com/news/commentary/low-income-workers-mental-health-well-being-abusive-managers-10683356
21,https://www.channelnewsasia.com/news/commentary/social-media-to-blame-for-young-people-feeling-lonelier-10811936
21,https://www.channelnewsasia.com/news/commentary/content-moderators-facebook-fake-news--10803788
21,https://www.channelnewsasia.com/news/singapore/teens-wary-dismissed-mental-health-help-without-parents-knowing-10752012
21,https://www.channelnewsasia.com/news/singapore/president-s-challenge-2019-to-focus-on-mental-health-10790902
21,https://www.channelnewsasia.com/news/commentary/memory-loss-a-growing-problem-among-young-people-10717322
21,https://www.channelnewsasia.com/news/commentary/working-on-your-commute-doesn-t-save-your-time-and-imposes-10701952
21,https://www.channelnewsasia.com/news/commentary/hyper-competitive-culture-breeding-severe-test-anxiety-among-10744150
21,https://www.channelnewsasia.com/news/commentary/losing-weight-after-pregnancy-dieting-body-image-self-esteem-10705032
21,https://www.channelnewsasia.com/news/cnainsider/dream-artist-sim-kah-lim-imh-exhibition-meeting-choo-keng-kwang-10746400
21,https://www.channelnewsasia.com/news/commentary/world-alzheimers-day-dementia-signs-early-onset-age-detection-10667054
22,https://www.channelnewsasia.com/news/commentary/anorexia-how-to-prevent-weight-gain-water-retention-10708646
22,https://www.channelnewsasia.com/news/singapore/ns-mental-health-issues-nsmen-servicemen-10636712
22,https://www.channelnewsasia.com/news/health/schizophrenia-immune-cells-australian-study-discovers-link-10721928
22,https://www.channelnewsasia.com/news/commentary/office-politics-passive-aggressive-colleagues-harassment-work-10667310
22,https://www.channelnewsasia.com/news/singapore/workplace-discrimination-mental-health-issues-bipolar-10693502
22,https://www.channelnewsasia.com/news/commentary/anxiety-always-anxious-how-best-to-cope-10596732
22,https://www.channelnewsasia.com/news/commentary/suicides-in-mexico-mental-health-living-with-chronic-violence-10616210
22,https://www.channelnewsasia.com/news/technology/do-digital-tools-social-media-cause-our-brain-to-degenerate-10624944
22,https://www.channelnewsasia.com/news/commentary/sharing-shopping-on-social-media-unhealthy-anxiety-10576258
22,https://www.channelnewsasia.com/news/cnainsider/schizophrenia-imh-sim-kah-lim-artist-singapore-mental-health-job-10587096
23,https://www.channelnewsasia.com/news/cnainsider/schizophrenia-imh-sim-kah-lim-artist-singapore-mental-health-10530970
23,https://www.channelnewsasia.com/news/commentary/mental-health-why-some-are-more-prone-than-others-10479640
23,https://www.channelnewsasia.com/news/commentary/commentary-schizophrenia-a-life-increasingly-detached-from-10383400
23,https://www.channelnewsasia.com/news/cnainsider/48-young-onset-dementia-alzheimers-singapore-10398838
23,https://www.channelnewsasia.com/news/commentary/bipolar-disorder-day-complex-mental-health-illness-10082376
