id,close
ID_323Sn2,0
ID_325SNW,0
ID_325uzE,0
ID_328qCx,0
ID_3293uJ,0
ID_329H37,0
ID_32DnK8,0
ID_32EeyA,0
ID_32H6TE,0
ID_32Hgdp,0
ID_32KbB4,0
ID_32KwLh,0
ID_32NAZU,0
ID_32NG9u,0
ID_32QXZB,0
ID_32RtNw,0
ID_32SBbT,0
ID_32TcJo,0
ID_32US8U,0
ID_32WsPF,0
ID_32X2os,0
ID_32Xyik,0
ID_32bgoA,0
ID_32bikm,0
ID_32bpeN,0
ID_32c8Zn,0
ID_32d5fZ,0
ID_32jaED,0
ID_32kvcY,0
ID_32mkpU,0
ID_32mwC9,0
ID_32mwwo,0
ID_32nVpo,0
ID_32nz3p,0
ID_32qLEF,0
ID_32rEqz,0
ID_32sMQs,0
ID_32sfVZ,0
ID_32smMB,0
ID_32tXtL,0
ID_32u25Q,0
ID_32uBYt,0
ID_32uMYp,0
ID_32vFvY,0
ID_32vTy4,0
ID_32vcUs,0
ID_32wExS,0
ID_32zfUL,0
ID_332BDv,0
ID_332yWf,0
ID_333CCE,0
ID_333sYS,0
ID_334imr,0
ID_335TWX,0
ID_339paj,0
ID_33A6dY,0
ID_33BPhv,0
ID_33DjjL,0
ID_33EF4V,0
ID_33FCfj,0
ID_33FF28,0
ID_33Gvss,0
ID_33LbPQ,0
ID_33NpPs,0
ID_33NuA6,0
ID_33VU2z,0
ID_33VpGs,0
ID_33Y9VK,0
ID_33b6EH,0
ID_33bbrz,0
ID_33crLN,0
ID_33fKqA,0
ID_33fpRD,0
ID_33ft29,0
ID_33hXZG,0
ID_33kRQ8,0
ID_33oLY6,0
ID_33pZww,0
ID_33r6Hc,0
ID_33sLsm,0
ID_33tNvW,0
ID_33uKBm,0
ID_33umCa,0
ID_33vXX5,0
ID_33wapu,0
ID_33x2hK,0
ID_33zH7n,0
ID_342RWF,0
ID_343VGj,0
ID_346Uah,0
ID_347tWW,0
ID_349aUY,0
ID_34AAAY,0
ID_34AybD,0
ID_34BNbK,0
ID_34DTZE,0
ID_34DhKJ,0
ID_34Hvnz,0
ID_34J7HK,0
ID_34Ke3A,0
ID_34QTg4,0
ID_34StgT,0
ID_34UF4v,0
ID_34W6Qv,0
ID_34Xbdg,0
ID_34Z5ho,0
ID_34dh7R,0
ID_34dncV,0
ID_34eWTp,0
ID_34gP63,0
ID_34grNw,0
ID_34hqFx,0
ID_34kPkr,0
ID_34sDhx,0
ID_34uee6,0
ID_34wwLJ,0
ID_34xJTi,0
ID_34yHJn,0
ID_34zbjR,0
ID_34zhXV,0
ID_352Tyn,0
ID_354fop,0
ID_357Ddk,0
ID_358DHW,0
ID_358atp,0
ID_35AF6g,0
ID_35AjJh,0
ID_35Atjo,0
ID_35E6V6,0
ID_35EcCB,0
ID_35G5hy,0
ID_35J4j5,0
ID_35KouZ,0
ID_35Lddt,0
ID_35Lr6w,0
ID_35N6Bp,0
ID_35Nunz,0
ID_35Nws4,0
ID_35W3pV,0
ID_35bpiU,0
ID_35dcz6,0
ID_35ecAU,0
ID_35evKT,0
ID_35hQAd,0
ID_35i3pY,0
ID_35mGMc,0
ID_35nVSX,0
ID_35orCd,0
ID_35q27F,0
ID_35r94r,0
ID_35rrTJ,0
ID_35snXj,0
ID_35tMnA,0
ID_35tm2V,0
ID_35uYRm,0
ID_35v7vu,0
ID_35vcF5,0
ID_35vzi7,0
ID_35xDeg,0
ID_35xHJt,0
ID_35xKDQ,0
ID_362HSj,0
ID_363xyg,0
ID_364duh,0
ID_3666ue,0
ID_369eAJ,0
ID_36Ad5H,0
ID_36BaqB,0
ID_36Dp6c,0
ID_36EHiL,0
ID_36Em6y,0
ID_36FxXg,0
ID_36GJ2S,0
ID_36KY5P,0
ID_36Lmo8,0
ID_36MXuR,0
ID_36PDJ2,0
ID_36Qp5t,0
ID_36SQnM,0
ID_36Sbc8,0
ID_36U4Wh,0
ID_36U7hw,0
ID_36Uj3a,0
ID_36VKJx,0
ID_36VkVG,0
ID_36Vqkc,0
ID_36VsCN,0
ID_36Wbz8,0
ID_36XdVf,0
ID_36Ytbm,0
ID_36a3hA,0
ID_36a7ZU,0
ID_36bY7L,0
ID_36cA3R,0
ID_36eEdX,0
ID_36hqP3,0
ID_36hvZX,0
ID_36iA84,0
ID_36iPGt,0
ID_36jCBk,0
ID_36jXuQ,0
ID_36jrqc,0
ID_36kPXq,0
ID_36kYF8,0
ID_36kcFq,0
ID_36mBbF,0
ID_36n9Dm,0
ID_36nERT,0
ID_36nWVi,0
ID_36noRn,0
ID_36oS7S,0
ID_36oxVv,0
ID_36pbUS,0
ID_36r3SD,0
ID_36rDUG,0
ID_36s3RH,0
ID_36s7Uh,0
ID_36uVHy,0
ID_36y7TC,0
ID_36ziZF,0
ID_3734bx,0
ID_3735Qq,0
ID_373EgJ,0
ID_375ypQ,0
ID_376EQn,0
ID_379LXY,0
ID_37Ai8w,0
ID_37B4Em,0
ID_37Bdk7,0
ID_37Bip4,0
ID_37EkpJ,0
ID_37EnRM,0
ID_37GisM,0
ID_37GpdS,0
ID_37Kxen,0
ID_37MPW2,0
ID_37MwE2,0
ID_37RSQA,0
ID_37RYm2,0
ID_37SPxJ,0
ID_37Tuxs,0
ID_37Xtzo,0
ID_37YceQ,0
ID_37ZxN4,0
ID_37btMV,0
ID_37cf8r,0
ID_37djGP,0
ID_37dsiR,0
ID_37egks,0
ID_37f4hF,0
ID_37fhsZ,0
ID_37fojY,0
ID_37gUJm,0
ID_37gckr,0
ID_37hGfm,0
ID_37iq2r,0
ID_37jhFF,0
ID_37pfK9,0
ID_37pohh,0
ID_37qRJZ,0
ID_37qmAj,0
ID_37tcX5,0
ID_37uspV,0
ID_382Fk9,0
ID_383BDS,0
ID_383By6,0
ID_385Q3L,0
ID_38AFdn,0
ID_38Ba5R,0
ID_38CBU4,0
ID_38Da8p,0
ID_38ESeN,0
ID_38EWiH,0
ID_38F6vw,0
ID_38Fidz,0
ID_38Fz7B,0
ID_38HWzL,0
ID_38JcYU,0
ID_38LLFD,0
ID_38LNS8,0
ID_38QVvj,0
ID_38SM3H,0
ID_38UjD5,0
ID_38VzbD,0
ID_38Ya9H,0
ID_38bsE5,0
ID_38cwzQ,0
ID_38dw2E,0
ID_38g38u,0
ID_38hGrt,0
ID_38iSiZ,0
ID_38inSx,0
ID_38nkGa,0
ID_38oKD6,0
ID_38ogCA,0
ID_38psdE,0
ID_38qJxc,0
ID_38qnY7,0
ID_38rXYJ,0
ID_38sG2h,0
ID_38sQdr,0
ID_38w8mz,0
ID_38xSxy,0
ID_38yvjE,0
ID_38zEuK,0
ID_38zRbi,0
ID_3946sm,0
ID_396o4w,0
ID_397gNk,0
ID_398a8B,0
ID_39B3ZA,0
ID_39BNXp,0
ID_39DcaQ,0
ID_39JsPx,0
ID_39KxQL,0
ID_39MVFE,0
ID_39N87F,0
ID_39P6RZ,0
ID_39PMnk,0
ID_39VP9X,0
ID_39XGKq,0
ID_39XnyF,0
ID_39YtM4,0
ID_39cbtr,0
ID_39csHQ,0
ID_39czvp,0
ID_39dDrt,0
ID_39dFxE,0
ID_39eJxL,0
ID_39fCZa,0
ID_39iKKd,0
ID_39iQ5g,0
ID_39idV7,0
ID_39k8gk,0
ID_39n33Q,0
ID_39nccq,0
ID_39oU22,0
ID_39pDKr,0
ID_39qWui,0
ID_39s2jS,0
ID_39sr3q,0
ID_39tNks,0
ID_39w9j5,0
ID_39wCPt,0
ID_39wU4s,0
ID_39yNNN,0
ID_39yZYN,0
ID_3A39Rs,0
ID_3A3pU4,0
ID_3A3vzr,0
ID_3A4wZZ,0
ID_3A92KH,0
ID_3A93x9,0
ID_3AABZj,0
ID_3AC97o,0
ID_3ADVWv,0
ID_3AEam8,0
ID_3AF3cw,0
ID_3AFdMz,0
ID_3AGfMD,0
ID_3AKjBm,0
ID_3APXXc,0
ID_3ASAKi,0
ID_3ATAS6,0
ID_3AVBP9,0
ID_3AZhnK,0
ID_3AZs8x,0
ID_3AaW5a,0
ID_3Aaq94,0
ID_3AbEA8,0
ID_3AciyT,0
ID_3AdKbE,0
ID_3AhLSw,0
ID_3Ahgk3,0
ID_3Ai55p,0
ID_3AjwdN,0
ID_3AkRkr,0
ID_3AkSnL,0
ID_3AknTG,0
ID_3AnTAW,0
ID_3AnZQK,0
ID_3AqRzV,0
ID_3AtjVm,0
ID_3AuuBb,0
ID_3Av9QU,0
ID_3AxFrF,0
ID_3AxZrC,0
ID_3AyHuK,0
ID_3AytVM,0
ID_3AzqzU,0
ID_3Azyc4,0
ID_3B25U3,0
ID_3B3AXg,0
ID_3B4w6Z,0
ID_3B57n8,0
ID_3B7R4U,0
ID_3B7Yt7,0
ID_3B9AXn,0
ID_3BDDiW,0
ID_3BETgx,0
ID_3BFWhi,0
ID_3BGQ4H,0
ID_3BGdui,0
ID_3BGmbt,0
ID_3BGwGf,0
ID_3BJiLd,0
ID_3BKG5D,0
ID_3BKwpq,0
ID_3BL4DR,0
ID_3BLbEA,0
ID_3BLxCW,0
ID_3BMVb2,0
ID_3BNDTY,0
ID_3BRZop,0
ID_3BT8uU,0
ID_3BUkA4,0
ID_3BVUxo,0
ID_3BY6rz,0
ID_3BYC5u,0
ID_3BYttV,0
ID_3BaaZ5,0
ID_3Bbq7v,0
ID_3Bbrrv,0
ID_3Be42F,0
ID_3BeSuQ,0
ID_3Behkr,0
ID_3BffTb,0
ID_3BhpLx,0
ID_3BiVKz,0
ID_3BnfhD,0
ID_3Bp8WX,0
ID_3BpTJ2,0
ID_3Bphtr,0
ID_3Bpo9m,0
ID_3BqfXt,0
ID_3Bskun,0
ID_3Bw9gd,0
ID_3BziLD,0
ID_3BznYH,0
ID_3C2TV2,0
ID_3C4w9j,0
ID_3C8GqV,0
ID_3C8Ubp,0
ID_3CBGnq,0
ID_3CDJU9,0
ID_3CF594,0
ID_3CJeDt,0
ID_3CKdQ6,0
ID_3CKvXo,0
ID_3CLt9T,0
ID_3CNHaU,0
ID_3CPcEA,0
ID_3CQCKA,0
ID_3CTJAh,0
ID_3CTdcT,0
ID_3CV3Hr,0
ID_3CW7dJ,0
ID_3CXTSi,0
ID_3CXnFx,0
ID_3CaCT7,0
ID_3Cc5Hz,0
ID_3CcBXH,0
ID_3CcZgw,0
ID_3Cd7wt,0
ID_3Cdick,0
ID_3Ce2i4,0
ID_3Cetb9,0
ID_3CfxXD,0
ID_3Cmy5u,0
ID_3CoeWu,0
ID_3CpMiV,0
ID_3Ct7Cb,0
ID_3Cuz5e,0
ID_3CvPrb,0
ID_3CvZNz,0
ID_3CyStY,0
ID_3CyaCL,0
ID_3Cyuhv,0
ID_3D4qUS,0
ID_3D5BSu,0
ID_3D5WVQ,0
ID_3D8gho,0
ID_3D9HCE,0
ID_3DAXs5,0
ID_3DCiWT,0
ID_3DDQgy,0
ID_3DEdzq,0
ID_3DEegi,0
ID_3DGmqh,0
ID_3DH8Bg,0
ID_3DJE3H,0
ID_3DJYd8,0
ID_3DQj7U,0
ID_3DRSq8,0
ID_3DSFX9,0
ID_3DWSdx,0
ID_3DXU94,0
ID_3DYH2S,0
ID_3DYkH2,0
ID_3DfBs5,0
ID_3DfxRA,0
ID_3DgqF5,0
ID_3DhWfs,0
ID_3DiUTs,0
ID_3DiYmo,0
ID_3DiuQk,0
ID_3DiwBz,0
ID_3DkMpG,0
ID_3Dm3D7,0
ID_3Dmcqk,0
ID_3Dndf8,0
ID_3DpDTC,0
ID_3DqYbU,0
ID_3DvZPq,0
ID_3DxWxD,0
ID_3E6aRh,0
ID_3E7VKE,0
ID_3E9QC9,0
ID_3EChXb,0
ID_3EJ8Qf,0
ID_3EJmjx,0
ID_3EKV8u,0
ID_3EKoPY,0
ID_3ENdNu,0
ID_3EP3LV,0
ID_3EQSXT,0
ID_3EQhxL,0
ID_3ERV9m,0
ID_3ESLHA,0
ID_3EVTn7,0
ID_3EVcNn,0
ID_3EW3uP,0
ID_3EY2GS,0
ID_3EZavE,0
ID_3EZgC2,0
ID_3EaaHu,0
ID_3EdCXJ,0
ID_3Edywe,0
ID_3Ee4Ef,0
ID_3Ee67P,0
ID_3EhoMk,0
ID_3EiHLH,0
ID_3Ek8Aw,0
ID_3EmhA8,0
ID_3EpvkX,0
ID_3Et9q3,0
ID_3EtTat,0
ID_3EvHuG,0
ID_3Eww27,0
ID_3EzvTt,0
ID_3F5nrF,0
ID_3F6cJC,0
ID_3F7mZk,0
ID_3F8XEH,0
ID_3F9m35,0
ID_3FCeom,0
ID_3FCzcC,0
ID_3FEBC8,0
ID_3FFMXh,0
ID_3FL5Ka,0
ID_3FLVJC,0
ID_3FMMPN,0
ID_3FNsmk,0
ID_3FQHNC,0
ID_3FU8AX,0
ID_3FUGh5,0
ID_3FUg8s,0
ID_3FZDpP,0
ID_3FZRGe,0
ID_3FbWcC,0
ID_3FcVNE,0
ID_3FjToQ,0
ID_3Fk67r,0
ID_3FkKcu,0
ID_3FkUck,0
ID_3FkVyX,0
ID_3FkkWx,0
ID_3FkvGQ,0
ID_3FpByU,0
ID_3FsT7W,0
ID_3Fw4eN,0
ID_3FyjVr,0
ID_3G3kuR,0
ID_3G6Kqn,0
ID_3G6nPM,0
ID_3G6qRq,0
ID_3G7VLv,0
ID_3G8m7d,0
ID_3GB6K5,0
ID_3GFQu4,0
ID_3GFfrT,0
ID_3GJZu7,0
ID_3GK6JZ,0
ID_3GKBB7,0
ID_3GKmCF,0
ID_3GLji3,0
ID_3GLvBu,0
ID_3GNMm4,0
ID_3GNWn6,0
ID_3GNgMx,0
ID_3GPopv,0
ID_3GQ9Xa,0
ID_3GQFeX,0
ID_3GTVLy,0
ID_3GUqaW,0
ID_3GVMCu,0
ID_3GYimf,0
ID_3GZeTb,0
ID_3GaAc6,0
ID_3GbwSc,0
ID_3GbzGX,0
ID_3GcWRY,0
ID_3GfCcg,0
ID_3GgzHW,0
ID_3GhU7d,0
ID_3GkVfb,0
ID_3Gm6KY,0
ID_3GnvNz,0
ID_3Gnwpf,0
ID_3GqKDh,0
ID_3GvPVH,0
ID_3Gw5wU,0
ID_3GwJVV,0
ID_3Gywm4,0
ID_3Gz6ab,0
ID_3Gz96f,0
ID_3H2n3c,0
ID_3H5e85,0
ID_3H7VPg,0
ID_3H8Aky,0
ID_3HABEo,0
ID_3HAGNz,0
ID_3HAyed,0
ID_3HBxHn,0
ID_3HD4ZQ,0
ID_3HD7FH,0
ID_3HGNJN,0
ID_3HL9vC,0
ID_3HP7vA,0
ID_3HQdXX,0
ID_3HUeb2,0
ID_3HV3iE,0
ID_3HX4Jz,0
ID_3HXNPx,0
ID_3HYUCh,0
ID_3HYr3q,0
ID_3HYuMz,0
ID_3HcjWq,0
ID_3HdanZ,0
ID_3HeQuJ,0
ID_3HfHz6,0
ID_3HgABL,0
ID_3HgSCm,0
ID_3HmX67,0
ID_3Hnyp8,0
ID_3HsFJK,0
ID_3HsJBj,0
ID_3HtAEn,0
ID_3HtiNT,0
ID_3Hu3pv,0
ID_3HuDPp,0
ID_3Hvswg,0
ID_3HvxD3,0
ID_3HwHdV,0
ID_3HwLh8,0
ID_3Hwd7p,0
ID_3HwjmF,0
ID_3HwvXL,0
ID_3HyL8d,0
ID_3Hzbbm,0
ID_3J4Hbb,0
ID_3J4u2X,0
ID_3J6fqi,0
ID_3J6nYR,0
ID_3J7DCN,0
ID_3J9Btn,0
ID_3J9i8o,0
ID_3JA2cr,0
ID_3JA7FR,0
ID_3JBPJy,0
ID_3JEDTH,0
ID_3JEHgo,0
ID_3JEcSG,0
ID_3JEwtT,0
ID_3JFZEt,0
ID_3JGFa8,0
ID_3JGaNz,0
ID_3JJwpW,0
ID_3JLJ5U,0
ID_3JLjEj,0
ID_3JPUsT,0
ID_3JQQHx,0
ID_3JQuLh,0
ID_3JSbry,0
ID_3JUhZE,0
ID_3JUjci,0
ID_3JWrLn,0
ID_3JYtX8,0
ID_3JZ9pX,0
ID_3Jax7E,0
ID_3Jb45k,0
ID_3JbxKp,0
ID_3JdoZe,0
ID_3JgVy4,0
ID_3JkTrQ,0
ID_3JoJ5s,0
ID_3JoZj7,0
ID_3JpNmK,0
ID_3Jq4aH,0
ID_3JsxTL,0
ID_3JtQS3,0
ID_3JtyeY,0
ID_3JuNgv,0
ID_3JvMve,0
ID_3K5tip,0
ID_3K63Y9,0
ID_3KBYiP,0
ID_3KCnBa,0
ID_3KEUnG,0
ID_3KFvkN,0
ID_3KHXxz,0
ID_3KJqYm,0
ID_3KJzhP,0
ID_3KKyEM,0
ID_3KLT2u,0
ID_3KLmVQ,0
ID_3KP6Ki,0
ID_3KQZym,0
ID_3KSPqz,0
ID_3KU5eR,0
ID_3KU65g,0
ID_3KUMrE,0
ID_3KVDC8,0
ID_3KVzLe,0
ID_3KXNNo,0
ID_3KYgSj,0
ID_3KZyhC,0
ID_3Ki4mz,0
ID_3Ki5Wb,0
ID_3KiXGk,0
ID_3KkcgG,0
ID_3KmbDs,0
ID_3KngMR,0
ID_3Kq6as,0
ID_3KrYMv,0
ID_3KsfDj,0
ID_3KtYH6,0
ID_3KtpMe,0
ID_3Kvx5q,0
ID_3KxCWB,0
ID_3Kzmnd,0
ID_3L2pLH,0
ID_3L4f3o,0
ID_3L4jSh,0
ID_3L5JUh,0
ID_3L5wbP,0
ID_3L6aNo,0
ID_3L8Yx3,0
ID_3L9wuX,0
ID_3LAvTm,0
ID_3LBCPT,0
ID_3LBip5,0
ID_3LDpp8,0
ID_3LEFVo,0
ID_3LEXnk,0
ID_3LGKbk,0
ID_3LHzPw,0
ID_3LK9wH,0
ID_3LKARA,0
ID_3LKgMv,0
ID_3LLFSC,0
ID_3LMPLn,0
ID_3LSsLu,0
ID_3LTdAx,0
ID_3LTusj,0
ID_3LUWaN,0
ID_3LUmju,0
ID_3LWU9e,0
ID_3LXeSb,0
ID_3Lb59t,0
ID_3Lbk2s,0
ID_3Lbzte,0
ID_3LeSZQ,0
ID_3Lf53h,0
ID_3LjUoq,0
ID_3LkDLJ,0
ID_3LmhBw,0
ID_3Ln688,0
ID_3Lo8Kj,0
ID_3LpEJ6,0
ID_3LpUvR,0
ID_3LptkX,0
ID_3LqjAV,0
ID_3Lshx7,0
ID_3LujdJ,0
ID_3Lv7rw,0
ID_3LzKJW,0
ID_3Lzg6L,0
ID_3M27CL,0
ID_3M2DEL,0
ID_3M3E6Q,0
ID_3M8VAp,0
ID_3M9Z9z,0
ID_3MAQ24,0
ID_3MB6qt,0
ID_3MBGcp,0
ID_3MDsA5,0
ID_3MEGEm,0
ID_3MGEbo,0
ID_3MLmBz,0
ID_3MLvZW,0
ID_3MPYQX,0
ID_3MPfcK,0
ID_3MT7Nq,0
ID_3MTykN,0
ID_3MVgo7,0
ID_3MWKCV,0
ID_3MWZYR,0
ID_3MY4zQ,0
ID_3MYRay,0
ID_3MZ6jK,0
ID_3MZPaE,0
ID_3MZkT4,0
ID_3Ma36m,0
ID_3Mdzsh,0
ID_3Me4Pg,0
ID_3MfV3X,0
ID_3MgUZF,0
ID_3MjLWM,0
ID_3MjWGq,0
ID_3Mjk4G,0
ID_3Mjzhy,0
ID_3MmMXf,0
ID_3MmQH5,0
ID_3Mmqfd,0
ID_3Mmrqq,0
ID_3MoRGv,0
ID_3MovSG,0
ID_3Mr2V2,0
ID_3MssR4,0
ID_3MtqmT,0
ID_3Mufne,0
ID_3MwyM4,0
ID_3MxyZW,0
ID_3MyAGr,0
ID_3N2Cbu,0
ID_3N2Qtn,0
ID_3N3nTc,0
ID_3N4L2w,0
ID_3N4avZ,0
ID_3N4m9k,0
ID_3N7sK3,0
ID_3N87HS,0
ID_3N9d6a,0
ID_3NAKWj,0
ID_3NAueS,0
ID_3NBLmw,0
ID_3NG85L,0
ID_3NGAAn,0
ID_3NHCUE,0
ID_3NKggK,0
ID_3NMBua,0
ID_3NMZxZ,0
ID_3NMtrB,0
ID_3NP8YL,0
ID_3NRyed,0
ID_3NSD4Y,0
ID_3NVadH,0
ID_3NW4X9,0
ID_3NWBqP,0
ID_3NXDky,0
ID_3NXwUu,0
ID_3NYGXB,0
ID_3Nbyn6,0
ID_3NcwTz,0
ID_3NdXsH,0
ID_3NdeiV,0
ID_3NfiwE,0
ID_3Nj7sU,0
ID_3NmgZC,0
ID_3NmtiJ,0
ID_3NnPQa,0
ID_3NnfRT,0
ID_3NoTyX,0
ID_3NpHXA,0
ID_3Nq7xf,0
ID_3NrGQT,0
ID_3NtJGa,0
ID_3NwVWz,0
ID_3Nwo7z,0
ID_3NxsMJ,0
ID_3NysFe,0
ID_3NzE3L,0
ID_3P2qjL,0
ID_3P3wZT,0
ID_3P4Nvb,0
ID_3P4hyL,0
ID_3P5Bfb,0
ID_3P66qP,0
ID_3P7fCA,0
ID_3P9SZv,0
ID_3PANMD,0
ID_3PBfXq,0
ID_3PCWb8,0
ID_3PCd5u,0
ID_3PDRWK,0
ID_3PEcp2,0
ID_3PFh2v,0
ID_3PFiBj,0
ID_3PHNtf,0
ID_3PHahV,0
ID_3PHbJY,0
ID_3PHvw3,0
ID_3PKLci,0
ID_3PL7bV,0
ID_3PLKre,0
ID_3PMSo6,0
ID_3PMXKr,0
ID_3PMayB,0
ID_3PMjPv,0
ID_3PPEuY,0
ID_3PQpZy,0
ID_3PT3fE,0
ID_3PV7un,0
ID_3PYqn4,0
ID_3PZV7e,0
ID_3PZd4m,0
ID_3PZnvg,0
ID_3Pa6Zi,0
ID_3PdM6x,0
ID_3PdcBa,0
ID_3PfSZo,0
ID_3Pj9CC,0
ID_3Pk2Bm,0
ID_3PkDBb,0
ID_3Pkv2A,0
ID_3PpZgy,0
ID_3Ppji9,0
ID_3PpyuH,0
ID_3PqAgP,0
ID_3Pr8YS,0
ID_3PreqA,0
ID_3Pt9Fi,0
ID_3PuEAn,0
ID_3Puudd,0
ID_3Pyb9P,0
ID_3PyuKC,0
ID_3Pzxfp,0
ID_3Q25db,0
ID_3Q33Up,0
ID_3Q3T46,0
ID_3Q556Q,0
ID_3Q72aF,0
ID_3Q7yxR,0
ID_3QAUVu,0
ID_3QBZrs,0
ID_3QEAmP,0
ID_3QMZkM,0
ID_3QN3ba,0
ID_3QNAgs,0
ID_3QNx23,0
ID_3QNy57,0
ID_3QP4G5,0
ID_3QQK5Z,0
ID_3QQn8t,0
ID_3QV6f5,0
ID_3QVqDz,0
ID_3QW894,0
ID_3QYN6a,0
ID_3QZoQW,0
ID_3QaEZx,0
ID_3Qawbk,0
ID_3QcyyR,0
ID_3Qf3EJ,0
ID_3QfFco,0
ID_3QgqPA,0
ID_3QhRdV,0
ID_3QhVFQ,0
ID_3Qj49f,0
ID_3QoFAw,0
ID_3QsRMn,0
ID_3QtceK,0
ID_3QtsXv,0
ID_3QuHWV,0
ID_3QvaDS,0
ID_3QvnsD,0
ID_3QvyVq,0
ID_3Qycwv,0
ID_3QzuXk,0
ID_3R2a4N,0
ID_3R2w7d,0
ID_3R3M8w,0
ID_3R6qMW,0
ID_3R9QZB,0
ID_3RBD9S,0
ID_3RBJJd,0
ID_3RBiam,0
ID_3REy65,0
ID_3RFCgy,0
ID_3RGeTn,0
ID_3RJCSr,0
ID_3RKPpS,0
ID_3RLdSZ,0
ID_3RNBuE,0
ID_3RNR8y,0
ID_3RNyYD,0
ID_3RPTod,0
ID_3RQQ5d,0
ID_3RRRGS,0
ID_3RSJpT,0
ID_3RTZzr,0
ID_3RUKFb,0
ID_3RXDF8,0
ID_3RXGVk,0
ID_3RaBz6,0
ID_3RaWMs,0
ID_3RaaQU,0
ID_3Raaaq,0
ID_3Rfajb,0
ID_3RimGB,0
ID_3RqQVm,0
ID_3RqWmc,0
ID_3Rre8F,0
ID_3Rrqaa,0
ID_3Rs2sX,0
ID_3Rseht,0
ID_3RtbwB,0
ID_3Rtg6f,0
ID_3Rtvk7,0
ID_3RuAqc,0
ID_3Rwxmk,0
ID_3RwzHC,0
ID_3Rx7Yx,0
ID_3RxwxA,0
ID_3RxyuQ,0
ID_3S483T,0
ID_3S5AVH,0
ID_3S89NQ,0
ID_3S94Sd,0
ID_3SA8gF,0
ID_3SATKN,0
ID_3SAvAx,0
ID_3SBEiK,0
ID_3SDzi6,0
ID_3SEZ5n,0
ID_3SHMaE,0
ID_3SHWgF,0
ID_3SJ8kk,0
ID_3SK7RT,0
ID_3SKF7v,0
ID_3SKWG7,0
ID_3SLU2x,0
ID_3SMQpZ,0
ID_3SMSpQ,0
ID_3SNJHH,0
ID_3SP7V6,0
ID_3SRveh,0
ID_3STA3w,0
ID_3STMBh,0
ID_3SVSWQ,0
ID_3SXdu7,0
ID_3SY3hJ,0
ID_3SYwEj,0
ID_3SZtFi,0
ID_3SZzkm,0
ID_3SaVij,0
ID_3Sbgak,0
ID_3ScGS5,0
ID_3Sd37i,0
ID_3Sdq9L,0
ID_3Se3WU,0
ID_3SehAx,0
ID_3SfY6s,0
ID_3SjQ5c,0
ID_3SjZKx,0
ID_3Smna8,0
ID_3Smzbm,0
ID_3So7SB,0
ID_3SopWR,0
ID_3Sorwh,0
ID_3SpCXn,0
ID_3Sq8Am,0
ID_3SsbQs,0
ID_3Sswgo,0
ID_3Swe9z,0
ID_3SxqgZ,0
ID_3SyhPQ,0
ID_3SzNCA,0
ID_3SzfFg,0
ID_3T2mRG,0
ID_3T2vTG,0
ID_3T2wg2,0
ID_3T54rS,0
ID_3T5TAt,0
ID_3T5Ztx,0
ID_3T6P7u,0
ID_3T76Cu,0
ID_3T9WRZ,0
ID_3TCd5g,0
ID_3TDtDQ,0
ID_3TF8Ti,0
ID_3TG7ME,0
ID_3TGkif,0
ID_3THVbd,0
ID_3TJRLf,0
ID_3TLtBu,0
ID_3TNxCR,0
ID_3TP4Nx,0
ID_3TQJvY,0
ID_3TUhtq,0
ID_3TVG2z,0
ID_3TVkKk,0
ID_3TWukx,0
ID_3TXLRZ,0
ID_3TZKxs,0
ID_3TZWLh,0
ID_3TbVJZ,0
ID_3TbsU3,0
ID_3Tc5Uo,0
ID_3TgdLf,0
ID_3Th7tK,0
ID_3ThakU,0
ID_3TiGac,0
ID_3TjUg7,0
ID_3Tk88i,0
ID_3TmANR,0
ID_3TqzdG,0
ID_3TsqP8,0
ID_3TuL3A,0
ID_3TwZ2L,0
ID_3TwgwG,0
ID_3U2XXw,0
ID_3U3AMm,0
ID_3U5QFy,0
ID_3UAN8H,0
ID_3UAPvh,0
ID_3UEMq8,0
ID_3UFsN6,0
ID_3UGFwV,0
ID_3UGhe2,0
ID_3UGjTV,0
ID_3UHiS9,0
ID_3UNTxi,0
ID_3UPPyB,0
ID_3UPwdx,0
ID_3URtUZ,0
ID_3UT6RA,0
ID_3UTL9K,0
ID_3UUt9P,0
ID_3UZyEJ,0
ID_3UaSkq,0
ID_3UbUuK,0
ID_3UcNwU,0
ID_3Ucfmj,0
ID_3Uewh9,0
ID_3UgXKf,0
ID_3UgoQt,0
ID_3UiAwG,0
ID_3UiaAr,0
ID_3UmdPV,0
ID_3Unpy5,0
ID_3UpPgi,0
ID_3Urp4E,0
ID_3UscZX,0
ID_3UseYK,0
ID_3UtZCh,0
ID_3UvaBg,0
ID_3Uxip8,0
ID_3V4wFs,0
ID_3V66L4,0
ID_3V6fBt,0
ID_3V8iAP,0
ID_3V9dfV,0
ID_3VAiYv,0
ID_3VBicb,0
ID_3VBj5K,0
ID_3VCtXV,0
ID_3VDsbd,0
ID_3VHuiD,0
ID_3VM8Zk,0
ID_3VP96X,0
ID_3VRGH9,0
ID_3VWkcm,0
ID_3VZapf,0
ID_3VZbjL,0
ID_3VbYRG,0
ID_3Vc2rN,0
ID_3VcPUj,0
ID_3Vcu72,0
ID_3VdmS4,0
ID_3VdxMv,0
ID_3Vemc2,0
ID_3Vguuy,0
ID_3VhYeu,0
ID_3ViLQq,0
ID_3Vo3GL,0
ID_3VsXxE,0
ID_3VsfqR,0
ID_3VsrGX,0
ID_3VuSwB,0
ID_3VukdA,0
ID_3Vun3y,0
ID_3VvABF,0
ID_3Vxqax,0
ID_3VxsJU,0
ID_3VyUGy,0
ID_3VzoHX,0
ID_3W2PWN,0
ID_3W2Qvt,0
ID_3W3ENN,0
ID_3W3rc5,0
ID_3W4kwu,0
ID_3W79bd,0
ID_3W8wYC,0
ID_3W9LXe,0
ID_3W9Vzb,0
ID_3WAXmS,0
ID_3WAgnE,0
ID_3WCEjT,0
ID_3WFA34,0
ID_3WGKBb,0
ID_3WGfAy,0
ID_3WH77k,0
ID_3WJL9X,0
ID_3WP8yQ,0
ID_3WQHz2,0
ID_3WR8Qe,0
ID_3WRLHD,0
ID_3WSkJj,0
ID_3WTgTs,0
ID_3WTrK4,0
ID_3WU6nK,0
ID_3WUAY7,0
ID_3WVViP,0
ID_3WWNmP,0
ID_3WWerw,0
ID_3WWgBU,0
ID_3WXB6N,0
ID_3WXapX,0
ID_3WZ2wM,0
ID_3WZJdT,0
ID_3WZoiC,0
ID_3WaXsk,0
ID_3WeCC6,0
ID_3WgzTm,0
ID_3WiH6z,0
ID_3WrAfG,0
ID_3WrQAS,0
ID_3Wrqkk,0
ID_3Wt7Pv,0
ID_3WtjND,0
ID_3WuRJB,0
ID_3WxxJq,0
ID_3WykpR,0
ID_3WzMgB,0
ID_3X22mu,0
ID_3X3fqK,0
ID_3X3xfM,0
ID_3X4u7r,0
ID_3X5Hm8,0
ID_3X5Pur,0
ID_3X6GqQ,0
ID_3X7CMM,0
ID_3X99SJ,0
ID_3XAbzS,0
ID_3XBR3K,0
ID_3XCKWN,0
ID_3XDDge,0
ID_3XKMEp,0
ID_3XKtW7,0
ID_3XLQ9X,0
ID_3XLv6j,0
ID_3XNpFr,0
ID_3XPQ8a,0
ID_3XRrG7,0
ID_3XSB7E,0
ID_3XSmCe,0
ID_3XStoD,0
ID_3XTwsW,0
ID_3XU3mx,0
ID_3XVTUR,0
ID_3XVanQ,0
ID_3XaHWi,0
ID_3XaX3M,0
ID_3XbZJn,0
ID_3Xbtky,0
ID_3XeRgA,0
ID_3XgVF4,0
ID_3XgWhx,0
ID_3XhZAs,0
ID_3XiNJy,0
ID_3XideG,0
ID_3XkYRm,0
ID_3XmTYu,0
ID_3XmwpF,0
ID_3XnfWg,0
ID_3XntBf,0
ID_3XqdS2,0
ID_3Xt7Dh,0
ID_3XvY4s,0
ID_3Xvpwv,0
ID_3Xwh2L,0
ID_3Y2qyD,0
ID_3Y3nYD,0
ID_3Y3vRW,0
ID_3Y4CvJ,0
ID_3Y4g7s,0
ID_3Y5fDw,0
ID_3Y6NCN,0
ID_3Y6iFd,0
ID_3YF79i,0
ID_3YFA3b,0
ID_3YHFhx,0
ID_3YHGxu,0
ID_3YKoia,0
ID_3YLDbr,0
ID_3YNakf,0
ID_3YQCae,0
ID_3YQH8b,0
ID_3YS8y7,0
ID_3YSWYT,0
ID_3YTeuL,0
ID_3YVDqv,0
ID_3YVogD,0
ID_3YWSeq,0
ID_3YWiQd,0
ID_3YWofm,0
ID_3YZMpV,0
ID_3YbKQY,0
ID_3YbwiT,0
ID_3YcGhZ,0
ID_3YdGw4,0
ID_3YdwCS,0
ID_3YeAPb,0
ID_3Yem6p,0
ID_3YeqFK,0
ID_3Yfgov,0
ID_3YgGt5,0
ID_3Yj8co,0
ID_3Yk3oY,0
ID_3YmeUv,0
ID_3YoYcA,0
ID_3Yoy5h,0
ID_3YpcHL,0
ID_3Yrzbz,0
ID_3YuKWH,0
ID_3YuuQ7,0
ID_3YxBEm,0
ID_3Yz6Qu,0
ID_3Z2FDT,0
ID_3Z3ggK,0
ID_3Z6nWQ,0
ID_3ZAcjQ,0
ID_3ZAgJj,0
ID_3ZEX9U,0
ID_3ZF67Q,0
ID_3ZG7gJ,0
ID_3ZHSoq,0
ID_3ZJkqa,0
ID_3ZJqe7,0
ID_3ZKhQm,0
ID_3ZLzUD,0
ID_3ZMR3y,0
ID_3ZNnqw,0
ID_3ZPD46,0
ID_3ZQBaW,0
ID_3ZRrar,0
ID_3ZSCTd,0
ID_3ZUNka,0
ID_3ZUV3c,0
ID_3ZUx5N,0
ID_3ZWkSd,0
ID_3ZWkrq,0
ID_3ZXp2E,0
ID_3ZZzb4,0
ID_3Zb3m5,0
ID_3Zb6ox,0
ID_3ZbqUX,0
ID_3ZdRCM,0
ID_3ZepZc,0
ID_3ZiNYT,0
ID_3Zjcv3,0
ID_3ZmFUo,0
ID_3ZoPhy,0
ID_3ZsJXb,0
ID_3ZsvNL,0
ID_3Zt7x8,0
ID_3Zuvjb,0
ID_3ZvLoU,0
ID_3a3s3S,0
ID_3a4Q2V,0
ID_3a52dr,0
ID_3a6Unf,0
ID_3aAziT,0
ID_3aBJEP,0
ID_3aBugf,0
ID_3aDdCN,0
ID_3aHKeD,0
ID_3aHgy8,0
ID_3aJxVe,0
ID_3aKpZN,0
ID_3aNonh,0
ID_3aPUF6,0
ID_3aQrnT,0
ID_3aRPYp,0
ID_3aUAKw,0
ID_3aUEs8,0
ID_3aURTu,0
ID_3aVFYJ,0
ID_3aVR7a,0
ID_3aW984,0
ID_3aWbAy,0
ID_3aXZY6,0
ID_3aZYTs,0
ID_3acCH9,0
ID_3af49G,0
ID_3ahiaN,0
ID_3ajCug,0
ID_3ajMKF,0
ID_3akgGH,0
ID_3aktUR,0
ID_3anxSr,0
ID_3aovfs,0
ID_3apciq,0
ID_3at6Xa,0
ID_3auqNC,0
ID_3aur9Y,0
ID_3avTGP,0
ID_3avVu3,0
ID_3awp6F,0
ID_3axaJi,0
ID_3ayAzE,0
ID_3ayWcF,0
ID_3azS6n,0
ID_3b4Dt6,0
ID_3b5VKb,0
ID_3b83sf,0
ID_3bAyZA,0
ID_3bB4Cp,0
ID_3bE3KN,0
ID_3bEP5W,0
ID_3bHeus,0
ID_3bMYdv,0
ID_3bMvui,0
ID_3bQQqq,0
ID_3bQzso,0
ID_3bRLqk,0
ID_3bRgqF,0
ID_3bSvRn,0
ID_3bVSyz,0
ID_3bWUPX,0
ID_3bYsYy,0
ID_3bZ9oQ,0
ID_3bdMr4,0
ID_3bdZPP,0
ID_3be7ZQ,0
ID_3bef7a,0
ID_3bfjzf,0
ID_3bhQxB,0
ID_3bhoDd,0
ID_3bjyzN,0
ID_3bkLN2,0
ID_3bm5na,0
ID_3bm6vf,0
ID_3bpNjd,0
ID_3brB7k,0
ID_3buctG,0
ID_3bwJWQ,0
ID_3bwsvc,0
ID_3bxEjC,0
ID_3by4EQ,0
ID_3byMrF,0
ID_3byYMb,0
ID_3bzk89,0
ID_3c4vZ2,0
ID_3c6kfx,0
ID_3c6oqD,0
ID_3c6zaw,0
ID_3c7zAv,0
ID_3c8Cf8,0
ID_3c8ywR,0
ID_3c965M,0
ID_3cCF7W,0
ID_3cF5Lb,0
ID_3cFPky,0
ID_3cFSFT,0
ID_3cFYg2,0
ID_3cFfKn,0
ID_3cFqp3,0
ID_3cG6wV,0
ID_3cJsFB,0
ID_3cL4ZW,0
ID_3cMDLP,0
ID_3cQ4dJ,0
ID_3cUTzm,0
ID_3cWApK,0
ID_3cWE8A,0
ID_3cWUW7,0
ID_3cXBM3,0
ID_3cXgt4,0
ID_3caxdm,0
ID_3ceL3c,0
ID_3cehug,0
ID_3cgXAm,0
ID_3cgpPf,0
ID_3ch6gX,0
ID_3ciSbS,0
ID_3ckKve,0
ID_3ckcrB,0
ID_3cmtvR,0
ID_3cpWjf,0
ID_3crwCJ,0
ID_3csrRK,0
ID_3ctF95,0
ID_3ctfBz,0
ID_3ctuWF,0
ID_3cvbcx,0
ID_3cwTJz,0
ID_3cxBbq,0
ID_3cz2fm,0
ID_3d3FKt,0
ID_3d49nT,0
ID_3d4Axs,0
ID_3d5JTh,0
ID_3d6FqD,0
ID_3d6Wtv,0
ID_3dCR8o,0
ID_3dETpG,0
ID_3dF6gX,0
ID_3dFnr6,0
ID_3dHHNA,0
ID_3dJok6,0
ID_3dKW2z,0
ID_3dNZq2,0
ID_3dQ7S7,0
ID_3dQDsT,0
ID_3dRzCf,0
ID_3dSFHd,0
ID_3dSYu5,0
ID_3dVtwK,0
ID_3ddT7R,0
ID_3dggU6,0
ID_3dgu6P,0
ID_3di7R3,0
ID_3djJDq,0
ID_3dnNFK,0
ID_3dniQ8,0
ID_3doYdV,0
ID_3dokgH,0
ID_3dondg,0
ID_3dpGQj,0
ID_3dpyon,0
ID_3drBKr,0
ID_3dsagS,0
ID_3dtqyZ,0
ID_3dv4qa,0
ID_3dvNHV,0
ID_3dvZiv,0
ID_3dx4eQ,0
ID_3dyL6K,0
ID_3dzmcV,0
ID_3e2Jsq,0
ID_3e4Hfo,0
ID_3e4j3W,0
ID_3e4p3c,0
ID_3e7ivV,0
ID_3eCC4A,0
ID_3eE4Js,0
ID_3eEMPa,0
ID_3eFXxz,0
ID_3eG5zJ,0
ID_3eH9T8,0
ID_3eLBPP,0
ID_3eLqUc,0
ID_3eNqP3,0
ID_3ePfBe,0
ID_3ePxvi,0
ID_3eRR7q,0
ID_3eRyMH,0
ID_3eSvPj,0
ID_3eTap8,0
ID_3eUerE,0
ID_3eUwW5,0
ID_3eYTxB,0
ID_3eZVA3,0
ID_3eZk67,0
ID_3ea4s2,0
ID_3ebvWh,0
ID_3eeFbF,0
ID_3efJph,0
ID_3efV3s,0
ID_3enDxU,0
ID_3enQtb,0
ID_3enUkR,0
ID_3eotcW,0
ID_3epA9k,0
ID_3epZBe,0
ID_3esDRL,0
ID_3etjAX,0
ID_3euDxL,0
ID_3ev8Xu,0
ID_3ewygr,0
ID_3ezJyo,0
ID_3f2b5y,0
ID_3f2yuz,0
ID_3f3xt7,0
ID_3f5ytG,0
ID_3f7UJi,0
ID_3f9psR,0
ID_3fA7sk,0
ID_3fBVm6,0
ID_3fBqoc,0
ID_3fEtiu,0
ID_3fFUSu,0
ID_3fGatA,0
ID_3fGbMq,0
ID_3fHDhu,0
ID_3fJK5j,0
ID_3fMm76,0
ID_3fNMV4,0
ID_3fNtce,0
ID_3fPKPZ,0
ID_3fQq9U,0
ID_3fTb9y,0
ID_3fUCRa,0
ID_3fUEBU,0
ID_3fWzhh,0
ID_3fXCuR,0
ID_3fY8MV,0
ID_3faxzm,0
ID_3feBBK,0
ID_3ffKLb,0
ID_3fftLw,0
ID_3fgbaX,0
ID_3fgjqG,0
ID_3fhbqG,0
ID_3fk5Co,0
ID_3fnBMf,0
ID_3fonFD,0
ID_3fqc9c,0
ID_3frwHj,0
ID_3fsG8J,0
ID_3ftTKX,0
ID_3fu7gS,0
ID_3fuELU,0
ID_3fv64L,0
ID_3fvBWx,0
ID_3fwPLj,0
ID_3fy26v,0
ID_3fzg5Q,0
ID_3g47mR,0
ID_3g4BpD,0
ID_3g4U7c,0
ID_3g75Ad,0
ID_3g7Tgp,0
ID_3g8oZX,0
ID_3g9LEb,0
ID_3gBohT,0
ID_3gCMaZ,0
ID_3gE7Vu,0
ID_3gFdmK,0
ID_3gGUov,0
ID_3gHAyT,0
ID_3gJLMu,0
ID_3gK9kq,0
ID_3gLXKt,0
ID_3gNWMx,0
ID_3gQREn,0
ID_3gQuzw,0
ID_3gSpGE,0
ID_3gT2qZ,0
ID_3gTG6J,0
ID_3gVCLS,0
ID_3gW8fa,0
ID_3gWDMX,0
ID_3ga9nm,0
ID_3gb3VU,0
ID_3gbjoC,0
ID_3gd3C7,0
ID_3gdJiR,0
ID_3gdbz7,0
ID_3gfRhu,0
ID_3gfTwy,0
ID_3gfdri,0
ID_3ggKeh,0
ID_3ghqjq,0
ID_3gjrr8,0
ID_3gk68V,0
ID_3goTwn,0
ID_3gt4ci,0
ID_3gtMzQ,0
ID_3gtZMJ,0
ID_3gtciT,0
ID_3gu69M,0
ID_3gu8Tf,0
ID_3gwYvY,0
ID_3gyDH5,0
ID_3gzSip,0
ID_3h3TF3,0
ID_3h4Y6h,0
ID_3h5sX7,0
ID_3h6SHM,0
ID_3h6b5j,0
ID_3h8YwP,0
ID_3hAg7Z,0
ID_3hBs7q,0
ID_3hFDWA,0
ID_3hH8vp,0
ID_3hK2Pr,0
ID_3hM3Nq,0
ID_3hNTwY,0
ID_3hPFch,0
ID_3hPjH8,0
ID_3hR2Q4,0
ID_3hR6LS,0
ID_3hRzoM,0
ID_3hTCGz,0
ID_3hTpkL,0
ID_3hU2GG,0
ID_3hVbTx,0
ID_3hWSEc,0
ID_3hXL3H,0
ID_3hYf5H,0
ID_3haAw9,0
ID_3hcLBS,0
ID_3hcakQ,0
ID_3hd2Sf,0
ID_3hdCUc,0
ID_3hdwZn,0
ID_3hhBX8,0
ID_3hhC8J,0
ID_3hhj6U,0
ID_3hiBFW,0
ID_3higdr,0
ID_3hkkJu,0
ID_3hmJCQ,0
ID_3hoW7E,0
ID_3hpPXt,0
ID_3hpiHY,0
ID_3hrvVs,0
ID_3hsEjX,0
ID_3hssRm,0
ID_3htKny,0
ID_3hzbrc,0
ID_3i2YCf,0
ID_3i34ta,0
ID_3i6TCY,0
ID_3i6tVm,0
ID_3i7Bgm,0
ID_3i7DEK,0
ID_3i8XZp,0
ID_3i8YKP,0
ID_3i9oqc,0
ID_3iCFTH,0
ID_3iD7Wm,0
ID_3iEx77,0
ID_3iHFUS,0
ID_3iHXyG,0
ID_3iLnm7,0
ID_3iMDku,0
ID_3iMQQZ,0
ID_3iMn5a,0
ID_3iP7b2,0
ID_3iQBNS,0
ID_3iRa5C,0
ID_3iWSNj,0
ID_3iZgkU,0
ID_3idHDU,0
ID_3idpYE,0
ID_3ig8rW,0
ID_3ih4rT,0
ID_3ioMX6,0
ID_3iprqK,0
ID_3iuc8W,0
ID_3ixAC3,0
ID_3ixgzu,0
ID_3j54jQ,0
ID_3j6NCN,0
ID_3j6WrG,0
ID_3j89MS,0
ID_3j9cf5,0
ID_3jATrK,0
ID_3jCR46,0
ID_3jFCvZ,0
ID_3jHLF3,0
ID_3jHvpk,0
ID_3jKTUh,0
ID_3jKd7v,0
ID_3jMvNz,0
ID_3jPu3m,0
ID_3jRqnq,0
ID_3jUK5i,0
ID_3jVCyn,0
ID_3jVnSh,0
ID_3jWBYC,0
ID_3jaT78,0
ID_3jar5j,0
ID_3jbkmF,0
ID_3jdEfd,0
ID_3jdG2G,0
ID_3jeoDs,0
ID_3ji73w,0
ID_3jkUVW,0
ID_3jmXKc,0
ID_3jmwBq,0
ID_3jnPFR,0
ID_3jnQxy,0
ID_3joTot,0
ID_3joXaY,0
ID_3joaua,0
ID_3jpj3y,0
ID_3jrzTF,0
ID_3js7ec,0
ID_3jsFxn,0
ID_3jtTV2,0
ID_3jxnJ9,0
ID_3jzxQ9,0
ID_3k2mHe,0
ID_3k33r2,0
ID_3k5Eve,0
ID_3k6FMw,0
ID_3k6S4y,0
ID_3k6j86,0
ID_3k8w6Q,0
ID_3k9c3x,0
ID_3kBo49,0
ID_3kCKms,0
ID_3kD6zy,0
ID_3kFfQ5,0
ID_3kGjN3,0
ID_3kGriS,0
ID_3kKQhk,0
ID_3kXdBv,0
ID_3ka8V8,0
ID_3kae5r,0
ID_3kbvJp,0
ID_3kcWbw,0
ID_3kcWss,0
ID_3kctaC,0
ID_3kdLZA,0
ID_3kgBGQ,0
ID_3kh67r,0
ID_3khbHp,0
ID_3kkQ9V,0
ID_3knpiq,0
ID_3ko7va,0
ID_3koCpN,0
ID_3koZwk,0
ID_3kochm,0
ID_3kqwA5,0
ID_3kqwWA,0
ID_3ks8zq,0
ID_3kuxM8,0
ID_3kyLAS,0
ID_3kyhAS,0
ID_3m3K24,0
ID_3m3c4f,0
ID_3m5TPg,0
ID_3m6HCs,0
ID_3m77sL,0
ID_3m7d82,0
ID_3m7rDY,0
ID_3m8cTq,0
ID_3m9dtC,0
ID_3mAvSB,0
ID_3mBEth,0
ID_3mBoeb,0
ID_3mCEVc,0
ID_3mChBw,0
ID_3mCtzE,0
ID_3mFnGC,0
ID_3mFtyk,0
ID_3mGPKF,0
ID_3mJNkv,0
ID_3mK7sk,0
ID_3mKDeC,0
ID_3mKeAA,0
ID_3mKiG4,0
ID_3mMpiw,0
ID_3mNLHh,0
ID_3mNVcj,0
ID_3mNwGu,0
ID_3mR9n5,0
ID_3mRpAd,0
ID_3mS3mQ,0
ID_3mSCtB,0
ID_3mTGJF,0
ID_3mTL7z,0
ID_3mTT3X,0
ID_3mUYTK,0
ID_3mWL4o,0
ID_3mWifh,0
ID_3mYwC4,0
ID_3mZhGr,0
ID_3mbPQ4,0
ID_3mcqye,0
ID_3mdMfR,0
ID_3mdMgk,0
ID_3mdzuJ,0
ID_3mepHu,0
ID_3mg4d7,0
ID_3mgCtN,0
ID_3mgqdA,0
ID_3mhBAb,0
ID_3mhL6d,0
ID_3miUfp,0
ID_3miVaL,0
ID_3mjdep,0
ID_3mn5r2,0
ID_3mnCjk,0
ID_3motbN,0
ID_3mq8BW,0
ID_3mrXBr,0
ID_3mvMbY,0
ID_3n4iLU,0
ID_3n4vA9,0
ID_3n8pGW,0
ID_3n9gm9,0
ID_3nBuDA,0
ID_3nEDvx,0
ID_3nH8DF,0
ID_3nKUER,0
ID_3nMGbx,0
ID_3nMZHF,0
ID_3nN3gq,0
ID_3nNpMx,0
ID_3nPa5q,0
ID_3nQZeJ,0
ID_3nQi3G,0
ID_3nR7zj,0
ID_3nRxYC,0
ID_3nTBpk,0
ID_3nYch3,0
ID_3nYnWQ,0
ID_3nZ8J4,0
ID_3nZMe8,0
ID_3nZzW3,0
ID_3na5un,0
ID_3naWjo,0
ID_3nc24z,0
ID_3nerKV,0
ID_3nh76k,0
ID_3nhG6n,0
ID_3nhJGP,0
ID_3nhJkN,0
ID_3nhcAc,0
ID_3nhjC2,0
ID_3nj9pU,0
ID_3nkM6D,0
ID_3nmWEC,0
ID_3nomGN,0
ID_3nqh2n,0
ID_3nucyY,0
ID_3nw47U,0
ID_3nyhBc,0
ID_3o2udR,0
ID_3o2wM7,0
ID_3o4utZ,0
ID_3o5Jua,0
ID_3o5mYV,0
ID_3o9T5K,0
ID_3oAxRg,0
ID_3oBN6h,0
ID_3oBXrV,0
ID_3oFAGF,0
ID_3oGpUM,0
ID_3oHTVN,0
ID_3oHZZc,0
ID_3oJf5S,0
ID_3oJtyj,0
ID_3oQya4,0
ID_3oRsu5,0
ID_3oTMAd,0
ID_3oVYFQ,0
ID_3oWS72,0
ID_3oYVWy,0
ID_3oZC26,0
ID_3ob7jr,0
ID_3obYnv,0
ID_3ocpza,0
ID_3ogopE,0
ID_3ohkVc,0
ID_3ohsxk,0
ID_3oigbW,0
ID_3ojJzw,0
ID_3ok8QN,0
ID_3okD3R,0
ID_3oqRsp,0
ID_3oqnni,0
ID_3orGvb,0
ID_3osTZ3,0
ID_3osnR4,0
ID_3otYGW,0
ID_3otqw8,0
ID_3ovGgh,0
ID_3owNDs,0
ID_3ozqeU,0
ID_3p35sT,0
ID_3p4i4z,0
ID_3p626a,0
ID_3pA8hs,0
ID_3pAwFd,0
ID_3pCNPp,0
ID_3pEhCj,0
ID_3pFngg,0
ID_3pHEZ5,0
ID_3pKHch,0
ID_3pLHmE,0
ID_3pLiho,0
ID_3pLoKG,0
ID_3pNWX3,0
ID_3pPYeR,0
ID_3pQkyY,0
ID_3pRQXG,0
ID_3pRnmQ,0
ID_3pScvg,0
ID_3pTRd8,0
ID_3pVeDa,0
ID_3pXn9x,0
ID_3pZP6p,0
ID_3paijY,0
ID_3pdRL2,0
ID_3pfm7T,0
ID_3piXfd,0
ID_3piZEw,0
ID_3pjcmL,0
ID_3pjzYT,0
ID_3pkiBC,0
ID_3pnAXM,0
ID_3pnPLB,0
ID_3pnURU,0
ID_3pqkK8,0
ID_3pr2C7,0
ID_3prve4,0
ID_3psbM8,0
ID_3pt5Ze,0
ID_3ptc2L,0
ID_3pumL4,0
ID_3pwc9k,0
ID_3pypJj,0
ID_3pyv94,0
ID_3pzxH6,0
ID_3q2qy4,0
ID_3q3tAi,0
ID_3q4NbG,0
ID_3qA33x,0
ID_3qDAt4,0
ID_3qERx7,0
ID_3qFtGE,0
ID_3qHtvh,0
ID_3qK4ks,0
ID_3qL7iN,0
ID_3qLvDk,0
ID_3qMtjw,0
ID_3qN7Vn,0
ID_3qNcnm,0
ID_3qPCJk,0
ID_3qPD8G,0
ID_3qPU8F,0
ID_3qPih6,0
ID_3qSa5A,0
ID_3qSkYf,0
ID_3qUNez,0
ID_3qVFkk,0
ID_3qWZ4p,0
ID_3qWs46,0
ID_3qaXwC,0
ID_3qdMpb,0
ID_3qdnHi,0
ID_3qfEdZ,0
ID_3qg7oZ,0
ID_3qhZRY,0
ID_3qiT2x,0
ID_3qjHhw,0
ID_3qk5vz,0
ID_3qm5Uv,0
ID_3qmHFA,0
ID_3qoaZd,0
ID_3qpS5C,0
ID_3qpV8F,0
ID_3qtS2c,0
ID_3qtYrD,0
ID_3quVt9,0
ID_3qviYy,0
ID_3qw647,0
ID_3qwexo,0
ID_3qxA8u,0
ID_3qzpS5,0
ID_3r3FUp,0
ID_3r4YhK,0
ID_3r6CXX,0
ID_3r6jHr,0
ID_3r7yY6,0
ID_3r88SR,0
ID_3r8fCr,0
ID_3rBE8f,0
ID_3rJZja,0
ID_3rLFT3,0
ID_3rM8fm,0
ID_3rMtJk,0
ID_3rPcHu,0
ID_3rQRGK,0
ID_3rUfQ9,0
ID_3rUk92,0
ID_3rYvkD,0
ID_3rZEvC,0
ID_3reKnn,0
ID_3rgwAy,0
ID_3rgzDL,0
ID_3riXRS,0
ID_3rie9z,0
ID_3roTqv,0
ID_3rpLv4,0
ID_3rphU7,0
ID_3rqPVH,0
ID_3rszmC,0
ID_3rwULs,0
ID_3rwjJ4,0
ID_3rxMVT,0
ID_3rztLx,0
ID_3s3BEe,0
ID_3s3KPQ,0
ID_3s5Cqn,0
ID_3s743j,0
ID_3s7zXK,0
ID_3s87BN,0
ID_3sAFDq,0
ID_3sAgUc,0
ID_3sC54K,0
ID_3sEvvW,0
ID_3sGyEn,0
ID_3sKXt7,0
ID_3sKoZ9,0
ID_3sLq9M,0
ID_3sNVsQ,0
ID_3sPL9F,0
ID_3sRzUo,0
ID_3sTP7r,0
ID_3sU2jK,0
ID_3sU5hh,0
ID_3sV3bZ,0
ID_3sVibC,0
ID_3sWhsg,0
ID_3sWmfJ,0
ID_3sX3bX,0
ID_3sXQbD,0
ID_3sZUyk,0
ID_3saL9p,0
ID_3sbGEs,0
ID_3sbwXG,0
ID_3scCRe,0
ID_3sd6y5,0
ID_3sfi4K,0
ID_3sg4hG,0
ID_3sisA4,0
ID_3smLFk,0
ID_3srTcM,0
ID_3ssWYB,0
ID_3ssqTc,0
ID_3sxGDw,0
ID_3t2aks,0
ID_3t3rTS,0
ID_3t4BtQ,0
ID_3t4Eyg,0
ID_3t4VCu,0
ID_3t4kf2,0
ID_3t6PNx,0
ID_3t6qm4,0
ID_3t88FN,0
ID_3t88tM,0
ID_3tAEDz,0
ID_3tAfaZ,0
ID_3tD8YZ,0
ID_3tDVLx,0
ID_3tEAby,0
ID_3tF23v,0
ID_3tFzT8,0
ID_3tJme2,0
ID_3tLD7f,0
ID_3tM47h,0
ID_3tNNtE,0
ID_3tNe46,0
ID_3tPtCz,0
ID_3tQaG3,0
ID_3tQkZD,0
ID_3tSUS7,0
ID_3tSnJe,0
ID_3tSvmb,0
ID_3tTM4h,0
ID_3tWmnu,0
ID_3tWnAR,0
ID_3tXvXN,0
ID_3taLHw,0
ID_3tafTT,0
ID_3tbMgB,0
ID_3tdgET,0
ID_3teq2d,0
ID_3thMW6,0
ID_3tjTzB,0
ID_3tkoqd,0
ID_3toptH,0
ID_3tqANA,0
ID_3tqZ3h,0
ID_3trPgG,0
ID_3trWjg,0
ID_3ttjgG,0
ID_3twf3H,0
ID_3twycZ,0
ID_3tx8cw,0
ID_3txBzD,0
ID_3txd7t,0
ID_3tzLKC,0
ID_3tzMrY,0
ID_3tzcRN,0
ID_3u226A,0
ID_3u3EM3,0
ID_3u3H7r,0
ID_3u44KF,0
ID_3u5Ld9,0
ID_3u7fB9,0
ID_3u8YTu,0
ID_3u9eS3,0
ID_3uBZk7,0
ID_3uCEf8,0
ID_3uCSnG,0
ID_3uEBVX,0
ID_3uEVVf,0
ID_3uFVPv,0
ID_3uKdMi,0
ID_3uLZCS,0
ID_3uNDmT,0
ID_3uPSMa,0
ID_3uSEfc,0
ID_3uSYTB,0
ID_3uU5yL,0
ID_3uUAde,0
ID_3uUbHG,0
ID_3uUieU,0
ID_3uWDTJ,0
ID_3uWLkv,0
ID_3uWU2S,0
ID_3uWbuC,0
ID_3uXZFJ,0
ID_3uZCBS,0
ID_3uaeRz,0
ID_3uckJg,0
ID_3ucuWk,0
ID_3udroR,0
ID_3ue69Q,0
ID_3uemYi,0
ID_3uhFTj,0
ID_3uheE6,0
ID_3umAV6,0
ID_3upcKA,0
ID_3uqN9p,0
ID_3uriA5,0
ID_3uteRQ,0
ID_3utrW4,0
ID_3uuAsL,0
ID_3uwU3V,0
ID_3uz98m,0
ID_3uzk8W,0
ID_3v3v9T,0
ID_3v5XgU,0
ID_3v6CaP,0
ID_3v7Qfj,0
ID_3vAF95,0
ID_3vAk8e,0
ID_3vCZLz,0
ID_3vCm8t,0
ID_3vDQMZ,0
ID_3vE7pb,0
ID_3vH2jw,0
ID_3vK6PC,0
ID_3vKfmv,0
ID_3vMPuL,0
ID_3vNQGe,0
ID_3vPEkN,0
ID_3vPWvr,0
ID_3vS2Q2,0
ID_3vSjSC,0
ID_3vSkMQ,0
ID_3vUEJG,0
ID_3vWggZ,0
ID_3vXeww,0
ID_3vYNkP,0
ID_3vazpx,0
ID_3vdkkD,0
ID_3vfWah,0
ID_3vjyoB,0
ID_3vk57c,0
ID_3vkMwJ,0
ID_3vkXJN,0
ID_3vksNG,0
ID_3vnBTx,0
ID_3vp37o,0
ID_3vpp3q,0
ID_3vqLUu,0
ID_3vqMaT,0
ID_3vxpro,0
ID_3vyqYG,0
ID_3w27Ao,0
ID_3w27XE,0
ID_3w3ovd,0
ID_3w5jh8,0
ID_3w67Ui,0
ID_3w6ffi,0
ID_3w7sFM,0
ID_3w8ETA,0
ID_3wAECy,0
ID_3wCNu2,0
ID_3wDfzM,0
ID_3wEtwH,0
ID_3wFFDx,0
ID_3wGC5a,0
ID_3wJBHj,0
ID_3wJxXJ,0
ID_3wKSyU,0
ID_3wL2qj,0
ID_3wMg4m,0
ID_3wMuPB,0
ID_3wN3Gi,0
ID_3wNuzx,0
ID_3wPqnH,0
ID_3wQwcf,0
ID_3wS3eX,0
ID_3wSJFo,0
ID_3wUVcM,0
ID_3wUvXd,0
ID_3wV7YR,0
ID_3wXo88,0
ID_3wZM4V,0
ID_3wZrfS,0
ID_3wdeos,0
ID_3wdqFf,0
ID_3wegPM,0
ID_3wfkcu,0
ID_3wg2vZ,0
ID_3wgMsm,0
ID_3wiU4o,0
ID_3wnaT4,0
ID_3woR29,0
ID_3wpHuT,0
ID_3wpLDG,0
ID_3wq9iB,0
ID_3wrLqe,0
ID_3wrsaq,0
ID_3wsF9M,0
ID_3ww2qL,0
ID_3wwQak,0
ID_3wwuJ4,0
ID_3wyGof,0
ID_3x3cuE,0
ID_3x9QaP,0
ID_3x9zm2,0
ID_3xAs3p,0
ID_3xBVuD,0
ID_3xCSQf,0
ID_3xDpD6,0
ID_3xDrpg,0
ID_3xEfco,0
ID_3xEhT5,0
ID_3xGGJL,0
ID_3xGkBs,0
ID_3xJM9B,0
ID_3xNijy,0
ID_3xPGpF,0
ID_3xPbuG,0
ID_3xQ2y2,0
ID_3xRvTi,0
ID_3xUqpC,0
ID_3xVPWv,0
ID_3xWH3u,0
ID_3xWUua,0
ID_3xZG9a,0
ID_3xahQB,0
ID_3xcdZk,0
ID_3xdDgW,0
ID_3xdWta,0
ID_3xgR7y,0
ID_3xgRDg,0
ID_3xgYB4,0
ID_3xgdbV,0
ID_3xh5vA,0
ID_3xiEDb,0
ID_3xiVfX,0
ID_3xjH9x,0
ID_3xkjRP,0
ID_3xnCgv,0
ID_3xnQ2y,0
ID_3xqjeJ,0
ID_3xr99q,0
ID_3xrEir,0
ID_3xrW7g,0
ID_3xsSRZ,0
ID_3xseVa,0
ID_3xt6iy,0
ID_3xtksb,0
ID_3xuQGw,0
ID_3xy6xJ,0
ID_3xyXim,0
ID_3y262m,0
ID_3y49sc,0
ID_3y4Kdf,0
ID_3y5AhG,0
ID_3y6y3g,0
ID_3y9oJq,0
ID_3yAPGB,0
ID_3yBCzm,0
ID_3yBMp6,0
ID_3yCZEK,0
ID_3yDw9Q,0
ID_3yEkBn,0
ID_3yF7rr,0
ID_3yFDU9,0
ID_3yGJSn,0
ID_3yKDeK,0
ID_3yL9mm,0
ID_3yLnAg,0
ID_3yLtqV,0
ID_3yNpdj,0
ID_3yQ2nJ,0
ID_3yRJaA,0
ID_3yTKmr,0
ID_3yTb7v,0
ID_3yTsXz,0
ID_3yUVHk,0
ID_3yVYbQ,0
ID_3yVwoH,0
ID_3yWK2v,0
ID_3yWnue,0
ID_3yh3tK,0
ID_3yiboF,0
ID_3ymF9A,0
ID_3ymdah,0
ID_3ymuYp,0
ID_3ynebu,0
ID_3yomZb,0
ID_3yorPq,0
ID_3ypB9X,0
ID_3ypCMf,0
ID_3yqC7T,0
ID_3yqQgc,0
ID_3ys5cR,0
ID_3yufB5,0
ID_3ywJLu,0
ID_3ywdRn,0
ID_3yyCke,0
ID_3yyEqn,0
ID_3yyunx,0
ID_3yz7su,0
ID_3yzpDA,0
ID_3z4gQx,0
ID_3z5VyW,0
ID_3z8DC9,0
ID_3zBkVC,0
ID_3zEcgC,0
ID_3zFUBn,0
ID_3zGL6J,0
ID_3zGjjL,0
ID_3zHJ7C,0
ID_3zQAmN,0
ID_3zQAvV,0
ID_3zQQKX,0
ID_3zQQQu,0
ID_3zQmTo,0
ID_3zRLnz,0
ID_3zRzBZ,0
ID_3zSgcX,0
ID_3zTpH2,0
ID_3zTv8o,0
ID_3zU42m,0
ID_3zUaxc,0
ID_3zWhVK,0
ID_3zWwr6,0
ID_3zYHA7,0
ID_3zZKme,0
ID_3zZc5i,0
ID_3zaSfU,0
ID_3zcCLu,0
ID_3zcaUd,0
ID_3zduw7,0
ID_3zdyB3,0
ID_3zhpjx,0
ID_3zjA5f,0
ID_3zjCFw,0
ID_3zje3o,0
ID_3zkXoD,0
ID_3zmp6w,0
ID_3zq5z3,0
ID_3zrWkr,0
ID_3zriJ4,0
ID_3zsGRC,0
ID_3zsTVY,0
ID_3zsTkF,0
ID_3zsyVZ,0
ID_3zsz36,0
ID_3ztCkE,0
ID_3ztGv3,0
ID_3zztkW,0
ID_422DeP,0
ID_423L47,0
ID_423i2Q,0
ID_424BPa,0
ID_427Yju,0
ID_428vxn,0
ID_429KSK,0
ID_42Df8h,0
ID_42EfSG,0
ID_42FeVh,0
ID_42GZuL,0
ID_42JbpP,0
ID_42LQxT,0
ID_42PbE3,0
ID_42PbvY,0
ID_42QirV,0
ID_42QxK5,0
ID_42SaWr,0
ID_42Wwgx,0
ID_42XxBz,0
ID_42Yu6A,0
ID_42ZAnD,0
ID_42aNxk,0
ID_42aP9P,0
ID_42i8Xb,0
ID_42ie7B,0
ID_42irvY,0
ID_42k8so,0
ID_42qBtd,0
ID_42r8TU,0
ID_42rJgM,0
ID_42t8fo,0
ID_42vz2E,0
ID_42wtra,0
ID_42xMAa,0
ID_4345dw,0
ID_434HAG,0
ID_434sHt,0
ID_438VQh,0
ID_438wDU,0
ID_439BVr,0
ID_439FJu,0
ID_439YKV,0
ID_43ADAj,0
ID_43D5HN,0
ID_43DQT3,0
ID_43EWRH,0
ID_43Esn2,0
ID_43G4ma,0
ID_43GPw3,0
ID_43GsZC,0
ID_43KLza,0
ID_43L9KY,0
ID_43N5my,0
ID_43NzAU,0
ID_43PYUj,0
ID_43Pnni,0
ID_43Qhh5,0
ID_43RTpu,0
ID_43SvDt,0
ID_43TqUz,0
ID_43VBs4,0
ID_43YukR,0
ID_43b6h7,0
ID_43dxfa,0
ID_43fYpw,0
ID_43g7W9,0
ID_43h5vt,0
ID_43hZTJ,0
ID_43i7Mj,0
ID_43kvKz,0
ID_43nZys,0
ID_43otoZ,0
ID_43pPKi,0
ID_43qDgk,0
ID_43rDCk,0
ID_43rx4b,0
ID_43s5NJ,0
ID_43sN85,0
ID_43tHtw,0
ID_43tdJw,0
ID_43tnKY,0
ID_43vEgw,0
ID_43wqjR,0
ID_43yZ2G,0
ID_43zCu9,0
ID_4427t2,0
ID_4428Sx,0
ID_442T3L,0
ID_443wdM,0
ID_445za2,0
ID_446muv,0
ID_447gjh,0
ID_448NGs,0
ID_449h8H,0
ID_44B8R7,0
ID_44D5yP,0
ID_44EMLY,0
ID_44EmBn,0
ID_44Fm9o,0
ID_44GHXx,0
ID_44GepU,0
ID_44Gk4V,0
ID_44Gv3u,0
ID_44Jn7r,0
ID_44L32F,0
ID_44MYX2,0
ID_44Mt2c,0
ID_44NdT4,0
ID_44PkEg,0
ID_44QZw8,0
ID_44Ra9M,0
ID_44TGPS,0
ID_44XU9j,0
ID_44XzeD,0
ID_44ZZzH,0
ID_44byBU,0
ID_44byvx,0
ID_44dAA8,0
ID_44ecrT,0
ID_44gCng,0
ID_44jTfM,0
ID_44jjDi,0
ID_44kAHY,0
ID_44ke7c,0
ID_44nwZK,0
ID_44oMtH,0
ID_44p3HK,0
ID_44qpwP,0
ID_44r55W,0
ID_44tCo3,0
ID_44vD2t,0
ID_44wYCf,0
ID_44xySF,0
ID_44yYNN,0
ID_44yuBD,0
ID_44zVP6,0
ID_453EfW,0
ID_453zNm,0
ID_457Yyt,0
ID_458r3A,0
ID_458ub9,0
ID_459boF,0
ID_45D24V,0
ID_45DAu8,0
ID_45DKqg,0
ID_45FMHD,0
ID_45G6cg,0
ID_45GF8S,0
ID_45Jz4G,0
ID_45LWu5,0
ID_45PNbi,0
ID_45PoUe,0
ID_45Qz7Q,0
ID_45RE5N,0
ID_45SLVA,0
ID_45SuwC,0
ID_45Tm2u,0
ID_45WpC7,0
ID_45YgLL,0
ID_45bSL9,0
ID_45c24z,0
ID_45dPqR,0
ID_45dXLS,0
ID_45eYRa,0
ID_45exNg,0
ID_45fjBx,0
ID_45g7ea,0
ID_45hTv3,0
ID_45jCnk,0
ID_45jkyN,0
ID_45mpau,0
ID_45nkjF,0
ID_45riDh,0
ID_45rsU2,0
ID_45sNHx,0
ID_45tebT,0
ID_45uCco,0
ID_45uEbU,0
ID_45uP4Y,0
ID_45w6nz,0
ID_45wD6i,0
ID_45wYje,0
ID_45xBnH,0
ID_45zT4F,0
ID_464Vds,0
ID_4652bq,0
ID_466vUy,0
ID_468Rr7,0
ID_46Cbgp,0
ID_46FRaf,0
ID_46GxoU,0
ID_46H8EA,0
ID_46Hi4G,0
ID_46Hxyp,0
ID_46JaJW,0
ID_46KkLs,0
ID_46Leiv,0
ID_46Lkh9,0
ID_46LvGV,0
ID_46PyfU,0
ID_46R8sL,0
ID_46RKPF,0
ID_46TYAC,0
ID_46TZGL,0
ID_46a9Ku,0
ID_46b2Z7,0
ID_46bBYz,0
ID_46biyA,0
ID_46buzB,0
ID_46dQ3S,0
ID_46etcv,0
ID_46frRY,0
ID_46h63v,0
ID_46hSGu,0
ID_46hXyf,0
ID_46jXMZ,0
ID_46kAmg,0
ID_46mqTu,0
ID_46njpU,0
ID_46oqkf,0
ID_46q6Fd,0
ID_46s8CX,0
ID_46sr4m,0
ID_46v9PU,0
ID_46vAmd,0
ID_46y8q5,0
ID_46yPb2,0
ID_46yrfe,0
ID_472C3J,0
ID_475rUL,0
ID_479ZtS,0
ID_47Amjk,0
ID_47B4q3,0
ID_47ELr9,0
ID_47FjHN,0
ID_47K479,0
ID_47L7nP,0
ID_47LjDV,0
ID_47Mgz7,0
ID_47MiAo,0
ID_47PNsg,0
ID_47PuRz,0
ID_47QkWc,0
ID_47RHqi,0
ID_47RPdm,0
ID_47RdvY,0
ID_47Roag,0
ID_47TTKs,0
ID_47U5gK,0
ID_47V5BW,0
ID_47Y5BM,0
ID_47YE6p,0
ID_47aVoR,0
ID_47aZwA,0
ID_47bLHU,0
ID_47cfzq,0
ID_47d2dh,0
ID_47eFLT,0
ID_47fMzN,0
ID_47gQYi,0
ID_47h4wY,0
ID_47iXp2,0
ID_47iZcJ,0
ID_47im5u,0
ID_47kMAv,0
ID_47ma5A,0
ID_47meTZ,0
ID_47odAu,0
ID_47omia,0
ID_47qZVt,0
ID_47rcm5,0
ID_47s67m,0
ID_47tj4K,0
ID_47tjHW,0
ID_47uWm3,0
ID_47vpzd,0
ID_47ztNL,0
ID_483itC,0
ID_484fur,0
ID_484r3j,0
ID_486SYz,0
ID_487JzY,0
ID_489MPj,0
ID_48ArNr,0
ID_48B9zC,0
ID_48BRV5,0
ID_48BWPi,0
ID_48BqGg,0
ID_48CNhv,0
ID_48DuAa,0
ID_48EauA,0
ID_48F6Qq,0
ID_48FAME,0
ID_48FUYA,0
ID_48GaHW,0
ID_48JFGt,0
ID_48PSAk,0
ID_48Q9Bg,0
ID_48ToE3,0
ID_48VRzQ,0
ID_48VUHQ,0
ID_48VVxy,0
ID_48Vaig,0
ID_48VobK,0
ID_48WSem,0
ID_48ZCoD,0
ID_48ZnvT,0
ID_48aeFF,0
ID_48dFs3,0
ID_48e2LE,0
ID_48eFEQ,0
ID_48eW92,0
ID_48gVUN,0
ID_48gpe6,0
ID_48jQ4B,0
ID_48mQbf,0
ID_48mR62,0
ID_48nNqf,0
ID_48pceF,0
ID_48qMXB,0
ID_48rVHx,0
ID_48ubks,0
ID_492sSE,0
ID_493CKg,0
ID_493T4B,0
ID_496sof,0
ID_497HZX,0
ID_499mfT,0
ID_49A5Je,0
ID_49CzHa,0
ID_49DD45,0
ID_49DMkP,0
ID_49Drhp,0
ID_49Hke2,0
ID_49LGAD,0
ID_49LNdY,0
ID_49Mvin,0
ID_49RWSp,0
ID_49T5yP,0
ID_49TpY3,0
ID_49W3qk,0
ID_49WcKe,0
ID_49XLa5,0
ID_49an7n,0
ID_49b7WZ,0
ID_49b8eb,0
ID_49e7bD,0
ID_49eZhi,0
ID_49fKCg,0
ID_49g2ry,0
ID_49iwzQ,0
ID_49jcGB,0
ID_49jjYY,0
ID_49p88P,0
ID_49qLAQ,0
ID_49rM3S,0
ID_49sJys,0
ID_49ty24,0
ID_49uTcB,0
ID_49wJzT,0
ID_49wkSQ,0
ID_49zm4n,0
ID_4A4N9f,0
ID_4A5aHy,0
ID_4A6NPy,0
ID_4A7uSY,0
ID_4A83Mp,0
ID_4A8KVQ,0
ID_4A8z68,0
ID_4A9xha,0
ID_4AAj3Y,0
ID_4AEuuJ,0
ID_4AFWTe,0
ID_4AJWwn,0
ID_4AKgsc,0
ID_4AKyLt,0
ID_4ARqnj,0
ID_4ASBFi,0
ID_4ASZe5,0
ID_4AUiNP,0
ID_4AVCbS,0
ID_4AY5JU,0
ID_4AYnJS,0
ID_4AZbog,0
ID_4AaN5T,0
ID_4AaTbw,0
ID_4AbPCY,0
ID_4Ae9QW,0
ID_4AfJw8,0
ID_4AjVV3,0
ID_4AmqSE,0
ID_4AmrC8,0
ID_4AmtBL,0
ID_4An6rT,0
ID_4AnCYU,0
ID_4And56,0
ID_4AryLU,0
ID_4AsRXG,0
ID_4AsUn2,0
ID_4AtjHH,0
ID_4Au9kg,0
ID_4AwNsQ,0
ID_4AwWwG,0
ID_4AwhuY,0
ID_4AyHEe,0
ID_4Ayfd9,0
ID_4B27ix,0
ID_4B4j2Y,0
ID_4BAGpt,0
ID_4BArER,0
ID_4BD8MD,0
ID_4BDJGP,0
ID_4BEjxD,0
ID_4BEoFN,0
ID_4BFAfa,0
ID_4BHfHk,0
ID_4BJEt8,0
ID_4BN3pn,0
ID_4BNCrx,0
ID_4BNtk4,0
ID_4BQ8E6,0
ID_4BQfv6,0
ID_4BRLNS,0
ID_4BYkBu,0
ID_4BZNFy,0
ID_4BajRv,0
ID_4BcpdK,0
ID_4BdWJT,0
ID_4BfiYo,0
ID_4BjTDu,0
ID_4BkAnT,0
ID_4BmKLD,0
ID_4BnbR3,0
ID_4BpvFh,0
ID_4BrGKF,0
ID_4BsKqG,0
ID_4BsNGM,0
ID_4BtFDv,0
ID_4C3vmh,0
ID_4C6VsC,0
ID_4C6ak6,0
ID_4C6i97,0
ID_4C8DJJ,0
ID_4C8s5y,0
ID_4C92YH,0
ID_4CBnpn,0
ID_4CCeh7,0
ID_4CDhg5,0
ID_4CE5zb,0
ID_4CE7Kq,0
ID_4CEaWg,0
ID_4CEnb8,0
ID_4CGmY7,0
ID_4CH5Sd,0
ID_4CKyZn,0
ID_4CLgmV,0
ID_4CQo7S,0
ID_4CRbGo,0
ID_4CTFaH,0
ID_4CTRyZ,0
ID_4CTWZS,0
ID_4CV6Am,0
ID_4CWTmt,0
ID_4CWoNd,0
ID_4CYwm2,0
ID_4CZiQe,0
ID_4CaYpW,0
ID_4CdXvu,0
ID_4Cebtq,0
ID_4CfBNU,0
ID_4CfP4N,0
ID_4CfVZL,0
ID_4ChBMP,0
ID_4ChP9V,0
ID_4Chzee,0
ID_4CiBJA,0
ID_4CiD45,0
ID_4CjqNV,0
ID_4Ck77b,0
ID_4Cme8d,0
ID_4CnZqY,0
ID_4Coiej,0
ID_4Cqiu8,0
ID_4CqsHB,0
ID_4CtTD4,0
ID_4CtsFu,0
ID_4Cuwtt,0
ID_4CvEaS,0
ID_4CxW9f,0
ID_4D46ko,0
ID_4D6mRk,0
ID_4D72AK,0
ID_4D8mNr,0
ID_4DAZi3,0
ID_4DCUkt,0
ID_4DE5hW,0
ID_4DF4D2,0
ID_4DGd6d,0
ID_4DHon2,0
ID_4DJXJ5,0
ID_4DLAj8,0
ID_4DLMoZ,0
ID_4DMP5i,0
ID_4DQK9v,0
ID_4DSavB,0
ID_4DW76L,0
ID_4DXEqd,0
ID_4DXTr3,0
ID_4DXjFm,0
ID_4DYj9M,0
ID_4DZafD,0
ID_4DZjaJ,0
ID_4DdkRE,0
ID_4DdyQ9,0
ID_4DePdA,0
ID_4DeVPG,0
ID_4Dh7w7,0
ID_4Dkybc,0
ID_4DmNrN,0
ID_4DndYA,0
ID_4DrdVm,0
ID_4DrfKY,0
ID_4Dspok,0
ID_4DuTZy,0
ID_4DvJRL,0
ID_4DvTZ7,0
ID_4DvjGv,0
ID_4DwCys,0
ID_4DxVcz,0
ID_4DxXSj,0
ID_4DyALv,0
ID_4E45nD,0
ID_4E87ft,0
ID_4E8kQh,0
ID_4E97Ux,0
ID_4EAZxq,0
ID_4EAcFH,0
ID_4EB8y9,0
ID_4EBQXy,0
ID_4EE3G5,0
ID_4EF3aw,0
ID_4EG2N8,0
ID_4EGAnq,0
ID_4EJXNv,0
ID_4EKUPv,0
ID_4EKuMz,0
ID_4ELYpT,0
ID_4ELbj3,0
ID_4ENLdC,0
ID_4EQvxG,0
ID_4EUQvZ,0
ID_4EUT7g,0
ID_4EVA9z,0
ID_4EVVwm,0
ID_4EVmAq,0
ID_4EXYkw,0
ID_4EZGQq,0
ID_4Eacg7,0
ID_4Eb4LP,0
ID_4EcRDg,0
ID_4EcZxm,0
ID_4EdFaR,0
ID_4EeW7d,0
ID_4Eedh4,0
ID_4Eg8rT,0
ID_4EiMjc,0
ID_4Eivfc,0
ID_4Em7qj,0
ID_4EmNZL,0
ID_4EmoWB,0
ID_4EoayN,0
ID_4Eovmo,0
ID_4Eteu7,0
ID_4Ewskt,0
ID_4Exf3A,0
ID_4EyY8P,0
ID_4F352x,0
ID_4F43ot,0
ID_4F4Poy,0
ID_4F8DtK,0
ID_4FCPyw,0
ID_4FCybk,0
ID_4FE6P6,0
ID_4FEiUD,0
ID_4FErBm,0
ID_4FHDZm,0
ID_4FKdP8,0
ID_4FLecK,0
ID_4FMTU5,0
ID_4FQ6Pk,0
ID_4FRejU,0
ID_4FSMD4,0
ID_4FSnZA,0
ID_4FT7fJ,0
ID_4FUqjt,0
ID_4FVW5k,0
ID_4FW5Tr,0
ID_4FXkzD,0
ID_4FY7FA,0
ID_4FZncv,0
ID_4Fc2us,0
ID_4FcNo2,0
ID_4FdMUp,0
ID_4Fhbx9,0
ID_4FhgPp,0
ID_4FhvEF,0
ID_4FiE3v,0
ID_4FiM6Y,0
ID_4Fky4s,0
ID_4Fm3LA,0
ID_4FmYEA,0
ID_4Fmjui,0
ID_4Fn6up,0
ID_4FnCNE,0
ID_4FoHj8,0
ID_4FpJrR,0
ID_4FsfNq,0
ID_4Ftqfi,0
ID_4Ftu2u,0
ID_4FuHhq,0
ID_4G38yH,0
ID_4G3DhK,0
ID_4G3Mnm,0
ID_4G3Yme,0
ID_4G5f6y,0
ID_4G8vWz,0
ID_4GA8tv,0
ID_4GBEyC,0
ID_4GBQES,0
ID_4GBquC,0
ID_4GCVC3,0
ID_4GCfWd,0
ID_4GEviu,0
ID_4GH6w3,0
ID_4GK9md,0
ID_4GMXs3,0
ID_4GNHsm,0
ID_4GP7os,0
ID_4GQvDg,0
ID_4GRTXx,0
ID_4GSrWj,0
ID_4GV5gr,0
ID_4GY2Zd,0
ID_4GbAL3,0
ID_4Ghc3y,0
ID_4GkDRz,0
ID_4GmJRC,0
ID_4Gogku,0
ID_4GpJLg,0
ID_4GpTe2,0
ID_4Gpok9,0
ID_4GraWa,0
ID_4GsKLH,0
ID_4GswGJ,0
ID_4GxtU2,0
ID_4GyarP,0
ID_4Gzykp,0
ID_4H2aho,0
ID_4H46BH,0
ID_4H4xL5,0
ID_4H5f7E,0
ID_4HASE5,0
ID_4HBKDR,0
ID_4HBjU9,0
ID_4HDgCJ,0
ID_4HH75s,0
ID_4HHFzA,0
ID_4HJJjW,0
ID_4HJMee,0
ID_4HKhcd,0
ID_4HLax7,0
ID_4HRNpr,0
ID_4HTYg9,0
ID_4HTeNZ,0
ID_4HWTx8,0
ID_4HWYqy,0
ID_4HXVZj,0
ID_4HYEyR,0
ID_4HZ2D2,0
ID_4HZhwE,0
ID_4HZsY6,0
ID_4Haaxf,0
ID_4HbHDt,0
ID_4HeFHQ,0
ID_4HengX,0
ID_4HfJqZ,0
ID_4HfeLY,0
ID_4Hft4C,0
ID_4HjkzQ,0
ID_4HnFfp,0
ID_4HoFb4,0
ID_4HoUsf,0
ID_4HpUw8,0
ID_4Hqp8z,0
ID_4HrA9p,0
ID_4HsHMv,0
ID_4HsWPU,0
ID_4HtETK,0
ID_4Hw5XL,0
ID_4HxngS,0
ID_4HyaPK,0
ID_4J2irM,0
ID_4J495y,0
ID_4J558s,0
ID_4J55nn,0
ID_4J5Nmd,0
ID_4J5PYV,0
ID_4J8XMG,0
ID_4J9FjW,0
ID_4JBJP3,0
ID_4JBUDg,0
ID_4JBf2y,0
ID_4JDbUV,0
ID_4JFLvG,0
ID_4JFfor,0
ID_4JH2TD,0
ID_4JHK8d,0
ID_4JMQDJ,0
ID_4JPkuY,0
ID_4JQB6L,0
ID_4JTFjS,0
ID_4JTGCw,0
ID_4JTaet,0
ID_4JUBTH,0
ID_4JUxsP,0
ID_4JWwMi,0
ID_4JYVPR,0
ID_4Jbd8A,0
ID_4JbpJ5,0
ID_4JcXN7,0
ID_4JdRdj,0
ID_4Jf4o7,0
ID_4JfEEm,0
ID_4Jh9EN,0
ID_4Jj96N,0
ID_4JnJUe,0
ID_4JnYWM,0
ID_4JpChP,0
ID_4JpaJH,0
ID_4Jq94U,0
ID_4JqcpC,0
ID_4Jqwcq,0
ID_4JsurC,0
ID_4JtpUr,0
ID_4Jvhj5,0
ID_4JyRwH,0
ID_4K3bKM,0
ID_4K4HVi,0
ID_4K4YpA,0
ID_4K5BzS,0
ID_4K6KyZ,0
ID_4K6k9m,0
ID_4K99CR,0
ID_4K9Gqy,0
ID_4KAZLT,0
ID_4KBUro,0
ID_4KCME6,0
ID_4KDaXn,0
ID_4KEXJP,0
ID_4KGjix,0
ID_4KH896,0
ID_4KHnid,0
ID_4KJHLL,0
ID_4KJRfn,0
ID_4KJndV,0
ID_4KJqnF,0
ID_4KLq7a,0
ID_4KNCur,0
ID_4KNp3K,0
ID_4KPbgK,0
ID_4KQmzi,0
ID_4KQqFS,0
ID_4KQywR,0
ID_4KTLHp,0
ID_4KTXZ6,0
ID_4KVY8Z,0
ID_4KWLcA,0
ID_4KWqFk,0
ID_4KZ7Kh,0
ID_4KZA7i,0
ID_4KbsQ8,0
ID_4KezX2,0
ID_4Kf4Wj,0
ID_4Kh6J4,0
ID_4Kj9xD,0
ID_4Kjw4P,0
ID_4KkQyo,0
ID_4Kkwev,0
ID_4KmLYK,0
ID_4KmUvb,0
ID_4KmdYH,0
ID_4KnQkC,0
ID_4KniJw,0
ID_4Koqnk,0
ID_4KpDba,0
ID_4KpMcw,0
ID_4KsPNJ,0
ID_4KsuPp,0
ID_4Kutz8,0
ID_4KwBbQ,0
ID_4KxVG6,0
ID_4L8Rdq,0
ID_4L8mqP,0
ID_4LBLmF,0
ID_4LCFkg,0
ID_4LCS2L,0
ID_4LDAxM,0
ID_4LEm3E,0
ID_4LGnrV,0
ID_4LJecn,0
ID_4LJxNr,0
ID_4LMDvz,0
ID_4LR9eC,0
ID_4LSt9m,0
ID_4LURoY,0
ID_4LUqW8,0
ID_4LZFez,0
ID_4LZwwS,0
ID_4LaVra,0
ID_4LaiZS,0
ID_4LbFwf,0
ID_4Ldwf2,0
ID_4Ldx5z,0
ID_4LgBqv,0
ID_4LgG74,0
ID_4LhZV4,0
ID_4LiwtK,0
ID_4LjBm4,0
ID_4Lm9wD,0
ID_4LnP7f,0
ID_4Lokay,0
ID_4LuXhS,0
ID_4LwcHM,0
ID_4M29EK,0
ID_4M3ReN,0
ID_4M5hst,0
ID_4M63kg,0
ID_4M98Ym,0
ID_4M9CFk,0
ID_4MAbST,0
ID_4MAfjm,0
ID_4MBELb,0
ID_4MBR3r,0
ID_4MDFQn,0
ID_4MDdCd,0
ID_4MGZwo,0
ID_4MLJZn,0
ID_4MMp3P,0
ID_4MNk4H,0
ID_4MPHrn,0
ID_4MQHCN,0
ID_4MQj24,0
ID_4MVG2A,0
ID_4MVvhy,0
ID_4MXSUA,0
ID_4MXaTQ,0
ID_4MZrPw,0
ID_4MaSyr,0
ID_4MbBb2,0
ID_4MbNqd,0
ID_4McmSp,0
ID_4Me3MN,0
ID_4MeET8,0
ID_4Mee5X,0
ID_4Mgasi,0
ID_4MgxrN,0
ID_4MiRnK,0
ID_4Mjq3C,0
ID_4Mk5Ad,0
ID_4MkDX7,0
ID_4Mogta,0
ID_4MpWcF,0
ID_4Mqac8,0
ID_4Mr5mW,0
ID_4MrYGR,0
ID_4Msgte,0
ID_4MsyuQ,0
ID_4Mts6p,0
ID_4MvyKr,0
ID_4MwqTi,0
ID_4MyWgr,0
ID_4Mz6xM,0
ID_4N3zU5,0
ID_4N4e9v,0
ID_4N5WAM,0
ID_4N5fnJ,0
ID_4N7CJp,0
ID_4N7jcc,0
ID_4N7syS,0
ID_4N88RR,0
ID_4NBfyj,0
ID_4NGJGg,0
ID_4NH6yj,0
ID_4NJmQp,0
ID_4NPk5x,0
ID_4NQTVt,0
ID_4NS4RE,0
ID_4NU4VC,0
ID_4NUACH,0
ID_4NUCWx,0
ID_4NUKAq,0
ID_4NUS9P,0
ID_4NVHiq,0
ID_4NVxjh,0
ID_4NXc8p,0
ID_4NaWMt,0
ID_4Nd4WS,0
ID_4Ne33N,0
ID_4NeNy4,0
ID_4NeYiW,0
ID_4Nf3YP,0
ID_4NfAu2,0
ID_4NhV7E,0
ID_4NjreL,0
ID_4Nk22f,0
ID_4NkXYt,0
ID_4NkbTi,0
ID_4NkvnL,0
ID_4NmntG,0
ID_4NmqX8,0
ID_4NnQpm,0
ID_4NpfzS,0
ID_4Nr87j,0
ID_4NrkkF,0
ID_4NsH3Z,0
ID_4Nunpm,0
ID_4NuzCD,0
ID_4Nw66j,0
ID_4NzH6R,0
ID_4P2mLq,0
ID_4P3Dry,0
ID_4P7jH6,0
ID_4P8S4J,0
ID_4P9hZt,0
ID_4PABAE,0
ID_4PAwVg,0
ID_4PB7cv,0
ID_4PCBXi,0
ID_4PCYqK,0
ID_4PDWjM,0
ID_4PGJVH,0
ID_4PGMQs,0
ID_4PHWGd,0
ID_4PKNia,0
ID_4PLmDF,0
ID_4PMpxk,0
ID_4PNjkK,0
ID_4PRdju,0
ID_4PSy3X,0
ID_4PWKZy,0
ID_4PY4be,0
ID_4Pbs4Y,0
ID_4Pbtqk,0
ID_4PcxzW,0
ID_4Pcyua,0
ID_4PeKiw,0
ID_4PeXxm,0
ID_4PftvD,0
ID_4PgpKX,0
ID_4PhU3c,0
ID_4PjD3D,0
ID_4PnCsR,0
ID_4Pq49g,0
ID_4PqH9i,0
ID_4PrYsa,0
ID_4PsrP7,0
ID_4PtCwG,0
ID_4PtZ47,0
ID_4Pu4f9,0
ID_4Puj49,0
ID_4PvahB,0
ID_4PvcZp,0
ID_4PxGuQ,0
ID_4PxJRx,0
ID_4PxgkH,0
ID_4PyXuF,0
ID_4Pze22,0
ID_4Q2JjR,0
ID_4Q3HQF,0
ID_4Q4Rvi,0
ID_4Q5ut4,0
ID_4Q96NX,0
ID_4QALZd,0
ID_4QBC6S,0
ID_4QCb2b,0
ID_4QCpSM,0
ID_4QDChh,0
ID_4QE9Nd,0
ID_4QFU2x,0
ID_4QLcdY,0
ID_4QMW5h,0
ID_4QMqXm,0
ID_4QNEmm,0
ID_4QNG6R,0
ID_4QNtuQ,0
ID_4QPGEG,0
ID_4QPSZV,0
ID_4QPukQ,0
ID_4QQFQC,0
ID_4QQW2a,0
ID_4QRvku,0
ID_4QSCCB,0
ID_4QTYGB,0
ID_4QTiou,0
ID_4QU4Xa,0
ID_4QUPn9,0
ID_4QWRKN,0
ID_4QYRhn,0
ID_4QYX83,0
ID_4QdQzc,0
ID_4Qdq6D,0
ID_4QfkWQ,0
ID_4Qfxtd,0
ID_4QhM8z,0
ID_4QiY2F,0
ID_4QjCWn,0
ID_4QmBam,0
ID_4QnNXQ,0
ID_4QrnHJ,0
ID_4QtBrV,0
ID_4QuLrw,0
ID_4QufnV,0
ID_4QvWe7,0
ID_4QwRsj,0
ID_4QxBnf,0
ID_4QxgYA,0
ID_4QySXV,0
ID_4QyTJE,0
ID_4QzfiQ,0
ID_4R249F,0
ID_4R2iQi,0
ID_4R4PZk,0
ID_4R4g9K,0
ID_4R6xL2,0
ID_4R8V8j,0
ID_4R8ZmC,0
ID_4R9bST,0
ID_4RCpvN,0
ID_4RCzzA,0
ID_4RD5fw,0
ID_4RK6yS,0
ID_4RKvP3,0
ID_4RMebn,0
ID_4RNNGa,0
ID_4RQaeE,0
ID_4RQzzo,0
ID_4RRZ29,0
ID_4RRmEv,0
ID_4RRmxs,0
ID_4RRp9p,0
ID_4RRv2d,0
ID_4RSJHx,0
ID_4RUYJW,0
ID_4RVkhT,0
ID_4RW6Pj,0
ID_4RXFvS,0
ID_4RXZb9,0
ID_4RXkYk,0
ID_4RYawD,0
ID_4RYzud,0
ID_4RZojA,0
ID_4RahR6,0
ID_4Rc2sf,0
ID_4ReuB7,0
ID_4RhoHY,0
ID_4RiUDm,0
ID_4RiZG3,0
ID_4RjjAU,0
ID_4RmdvF,0
ID_4RoHAJ,0
ID_4RoLC9,0
ID_4RojpW,0
ID_4RrWvX,0
ID_4Rrbs4,0
ID_4RrcQn,0
ID_4Ry4Rq,0
ID_4Ryjc4,0
ID_4RzHAY,0
ID_4S2iFM,0
ID_4S3Gy9,0
ID_4S4G4c,0
ID_4S4ue9,0
ID_4S6HvT,0
ID_4S7Jfz,0
ID_4S7xPt,0
ID_4SBUg7,0
ID_4SC2dD,0
ID_4SDn3N,0
ID_4SEQNQ,0
ID_4SERdV,0
ID_4SFFWv,0
ID_4SG5Dx,0
ID_4SJPwY,0
ID_4SLtqo,0
ID_4SMtJ9,0
ID_4SPs5q,0
ID_4SRWn9,0
ID_4SRbdy,0
ID_4SRhep,0
ID_4SSbu9,0
ID_4SSoMW,0
ID_4STysx,0
ID_4SUPCb,0
ID_4SWM6N,0
ID_4SXGhB,0
ID_4SXb9h,0
ID_4SZM3q,0
ID_4SZV3v,0
ID_4SbGAa,0
ID_4SbY3T,0
ID_4ScHUP,0
ID_4SdAds,0
ID_4SdRid,0
ID_4ShEpE,0
ID_4ShZAZ,0
ID_4Si3NQ,0
ID_4Sie46,0
ID_4Sj4k4,0
ID_4SjzGN,0
ID_4SkG6X,0
ID_4SkN3c,0
ID_4Sm7ff,0
ID_4SmnGn,0
ID_4SmtB2,0
ID_4Smvtv,0
ID_4SoTK8,0
ID_4Soy2y,0
ID_4Sp6D8,0
ID_4Ssaeh,0
ID_4SsygB,0
ID_4Sumao,0
ID_4SvPJA,0
ID_4SvUsG,0
ID_4Svv9T,0
ID_4Swhbr,0
ID_4SxYXB,0
ID_4SyU9M,0
ID_4SzbuG,0
ID_4T3RP5,0
ID_4T3myb,0
ID_4T473G,0
ID_4T5eky,0
ID_4T6Ny4,0
ID_4T7pFj,0
ID_4T86ox,0
ID_4T9GAC,0
ID_4T9jFE,0
ID_4TA25F,0
ID_4TBsbp,0
ID_4TBxfz,0
ID_4TFAza,0
ID_4TH92f,0
ID_4THvBX,0
ID_4TJQro,0
ID_4TJRMa,0
ID_4TJu3T,0
ID_4TMVgR,0
ID_4TNa8h,0
ID_4TQrsx,0
ID_4TRxsu,0
ID_4TT5bc,0
ID_4TWAzS,0
ID_4TXTZ5,0
ID_4TXqHG,0
ID_4TYkXr,0
ID_4TanPS,0
ID_4TcM4Z,0
ID_4TckRG,0
ID_4TcwHp,0
ID_4TdbCR,0
ID_4TdsNA,0
ID_4Tfs3h,0
ID_4ThFZr,0
ID_4ThnQF,0
ID_4TmHJw,0
ID_4Tmpxr,0
ID_4Tnt4s,0
ID_4Tp9xp,0
ID_4Tuhpo,0
ID_4TvTnP,0
ID_4Tw5yQ,0
ID_4TwyY7,0
ID_4U3kZw,0
ID_4U4DAT,0
ID_4U73md,0
ID_4UBp5P,0
ID_4UCPZ5,0
ID_4UDHqU,0
ID_4UF3JG,0
ID_4UFyDs,0
ID_4UJrNA,0
ID_4ULw3u,0
ID_4UMDL5,0
ID_4UNEX9,0
ID_4UQruy,0
ID_4URKwV,0
ID_4USRVw,0
ID_4UUF4H,0
ID_4UUFAk,0
ID_4UVCLm,0
ID_4UVa4E,0
ID_4UXuGv,0
ID_4UZ98c,0
ID_4UZhiu,0
ID_4UbF4N,0
ID_4Ubc5J,0
ID_4Ufkiq,0
ID_4Ug8CL,0
ID_4UgjfM,0
ID_4Ui4LU,0
ID_4UjTCE,0
ID_4UkRGm,0
ID_4UodN8,0
ID_4Upf3N,0
ID_4UqHmU,0
ID_4Uue2N,0
ID_4UvCmM,0
ID_4Uvnhr,0
ID_4UwBVi,0
ID_4UxYuv,0
ID_4V3wfB,0
ID_4V4GW8,0
ID_4V4tWQ,0
ID_4V9zVw,0
ID_4VCYdj,0
ID_4VD65a,0
ID_4VGyoH,0
ID_4VHLaT,0
ID_4VJY8o,0
ID_4VJtAk,0
ID_4VJtXd,0
ID_4VQ2eu,0
ID_4VQEHH,0
ID_4VRvwk,0
ID_4VSCDf,0
ID_4VTVzy,0
ID_4VUt3G,0
ID_4VUuZ4,0
ID_4VVF7M,0
ID_4VW7GT,0
ID_4VX3w3,0
ID_4VZZWY,0
ID_4VcwFa,0
ID_4VdkFh,0
ID_4VfSVT,0
ID_4Vgbz7,0
ID_4VghWm,0
ID_4Vj3eo,0
ID_4VkJQc,0
ID_4Vkhf7,0
ID_4VoCdB,0
ID_4Vor8M,0
ID_4VpErB,0
ID_4VrwW9,0
ID_4VsUqF,0
ID_4VuWpn,0
ID_4VvfAm,0
ID_4Vxr8t,0
ID_4Vxsdg,0
ID_4W2CGK,0
ID_4W4R2F,0
ID_4W4y8C,0
ID_4W7KuH,0
ID_4W7UmU,0
ID_4W86TK,0
ID_4W8ZBb,0
ID_4W8hWD,0
ID_4WAmTQ,0
ID_4WCR2n,0
ID_4WJkLN,0
ID_4WKpgw,0
ID_4WMrMz,0
ID_4WQaH5,0
ID_4WQciU,0
ID_4WQuwH,0
ID_4WRUNp,0
ID_4WUbb3,0
ID_4WYnpH,0
ID_4WZHWZ,0
ID_4WaVFk,0
ID_4WagGB,0
ID_4WeqYH,0
ID_4Wez6q,0
ID_4Wh2G6,0
ID_4WiAvP,0
ID_4Wjjv4,0
ID_4WkhzE,0
ID_4Wnp4a,0
ID_4WoDEU,0
ID_4Wp2XH,0
ID_4WpDa5,0
ID_4Wq2xm,0
ID_4Wt9fo,0
ID_4WtEYB,0
ID_4WtxVn,0
ID_4WxmAq,0
ID_4WxrSK,0
ID_4WyBvL,0
ID_4WydXp,0
ID_4WzgxW,0
ID_4X27WP,0
ID_4X2Aer,0
ID_4X2Bnt,0
ID_4X5aWc,0
ID_4X8ycH,0
ID_4XGk2A,0
ID_4XJH9Z,0
ID_4XKDCZ,0
ID_4XKuak,0
ID_4XLpaj,0
ID_4XMtbQ,0
ID_4XNWfR,0
ID_4XPMui,0
ID_4XUeaS,0
ID_4XUxjf,0
ID_4XWyWV,0
ID_4XXDRp,0
ID_4Xaewy,0
ID_4XaqNt,0
ID_4Xg9jh,0
ID_4XiGso,0
ID_4XmHoe,0
ID_4XoBhB,0
ID_4XqzJ6,0
ID_4XrkB9,0
ID_4XskbN,0
ID_4XtjwE,0
ID_4XvD7V,0
ID_4Xy6Kt,0
ID_4XyK7U,0
ID_4amsHr,0
ID_4bGF4C,0
ID_4dNJdm,0
ID_4fWu9s,0
ID_4fpGxR,0
ID_4gP78M,0
ID_4h55PB,0
ID_4jXAqP,0
ID_4jbRes,0
ID_4kS4sA,0
ID_4m3Sm4,0
ID_4pR5AX,0
ID_4pVoYY,0
ID_4prbRK,0
ID_4qrobe,0
ID_4quMCS,0
ID_4rXufW,0
ID_4s4DRB,0
ID_4sEKTm,0
ID_4sbGfX,0
ID_4uGVVH,0
ID_4wGsB8,0
ID_4x3sZT,0
ID_4xGQJA,0
ID_523oPv,0
ID_52C9Fc,0
ID_52RTJg,0
ID_536e8F,0
ID_547UNE,0
ID_558j5k,0
ID_55JgDp,0
ID_568NXF,0
ID_59DRVC,0
ID_59HcmK,0
ID_5ASAz9,0
ID_5CUiJs,0
ID_5CotvF,0
ID_5Jj8uw,0
ID_5JqxJd,0
ID_5KK9LF,0
ID_5KVDH7,0
ID_5PWMma,0
ID_5Q6yda,0
ID_5QtEXt,0
ID_5R2Hkw,0
ID_5UKFkM,0
ID_5Vm3ne,0
ID_5W8Aed,0
ID_5WYeT8,0
ID_5XKHG9,0
ID_5Ycb47,0
ID_5ZhVK4,0
ID_5a5x7K,0
ID_5ap8tr,0
ID_5cnfai,0
ID_5deLWE,0
ID_5eN7Sr,0
ID_5eyAZs,0
ID_5fdhoK,0
ID_5gqiWy,0
ID_5h7Brq,0
ID_5i5QdK,0
ID_5iUhTi,0
ID_5iW9Sx,0
ID_5jXe2U,0
ID_5nFrAY,0
ID_5npAgd,0
ID_5nxCQk,0
ID_5o58c8,0
ID_5qFikr,0
ID_5tE8Zb,0
ID_5tEP2g,0
ID_5tzSQ3,0
ID_5u6iym,0
ID_5veJCb,0
ID_5wYDYK,0
ID_5z4vQY,0
ID_62nmjk,0
ID_64CNR5,0
ID_69KzSS,0
ID_6AXhzA,0
ID_6CgncA,0
ID_6Ddgxj,0
ID_6DhHbv,0
ID_6FYDNn,0
ID_6HAVEu,0
ID_6KDE2t,0
ID_6M8NtL,0
ID_6NjUfh,0
ID_6PvE9L,0
ID_6QPc5g,0
ID_6RFoHK,0
ID_6Uzxzh,0
ID_6VM85q,0
ID_6WFMAY,0
ID_6WuVkf,0
ID_6X53rj,0
ID_6XR44e,0
ID_6XWhkp,0
ID_6Xk4HH,0
ID_6ZQsXN,0
ID_6ZS8ej,0
ID_6bWRDw,0
ID_6bxZ7q,0
ID_6cYVdE,0
ID_6dZnde,0
ID_6eMgox,0
ID_6eggjk,0
ID_6hCz4v,0
ID_6mvy7f,0
ID_6n8mGs,0
ID_6oFnik,0
ID_6oYo2s,0
ID_6oywsr,0
ID_6p2V5e,0
ID_6poEHK,0
ID_6rfNce,0
ID_6tLZY8,0
ID_6uUXgx,0
ID_6vorYz,0
ID_6w8VKW,0
ID_6xzbqS,0
ID_6yGNga,0
ID_6ydkaa,0
ID_7274Uz,0
ID_74UNuw,0
ID_75NLPz,0
ID_75aiHo,0
ID_76KsAX,0
ID_76VUMc,0
ID_76Vs5j,0
ID_78kY7X,0
ID_78wUuP,0
ID_79gXAM,0
ID_7CZ87R,0
ID_7CrTtY,0
ID_7DEAhT,0
ID_7EFfLB,0
ID_7EZGwL,0
ID_7EtFuX,0
ID_7KFrQ6,0
ID_7NCSFH,0
ID_7QPfrV,0
ID_7R2mxx,0
ID_7T5JK5,0
ID_7TWSM8,0
ID_7UttwZ,0
ID_7VsCF9,0
ID_7WQB4t,0
ID_7WTs5k,0
ID_7YXS43,0
ID_7ayeCx,0
ID_7czrAg,0
ID_7fH8Uj,0
ID_7i83Xr,0
ID_7ifPNM,0
ID_7jGFPv,0
ID_7jjBc7,0
ID_7mVwcF,0
ID_7mm44b,0
ID_7mxX9A,0
ID_7mybkj,0
ID_7osPBR,0
ID_7ppKhe,0
ID_7qhFQN,0
ID_7qjKtX,0
ID_7qphpW,0
ID_7rnBXc,0
ID_7tW28A,0
ID_7trx9D,0
ID_7u2KoH,0
ID_7uawv4,0
ID_82j6Cz,0
ID_82zk75,0
ID_84d6W5,0
ID_89aFuP,0
ID_8AMutK,0
ID_8E4PDu,0
ID_8EAZCa,0
ID_8EqyPZ,0
ID_8HcTuF,0
ID_8LJ46m,0
ID_8LwzyF,0
ID_8MBUt5,0
ID_8NtFuR,0
ID_8PiHwj,0
ID_8Qin5F,0
ID_8SvbCM,0
ID_8W4B6L,0
ID_8W5XFZ,0
ID_8ZqUQE,0
ID_8aUQ6p,0
ID_8cqNzz,0
ID_8eWroz,0
ID_8gKsSi,0
ID_8gRkb7,0
ID_8gcRTf,0
ID_8h2ovm,0
ID_8hVN2q,0
ID_8jW758,0
ID_8khusp,0
ID_8mH5fd,0
ID_8mWMuh,0
ID_8nzBrd,0
ID_8oLtT3,0
ID_8oTFi4,0
ID_8pX5ge,0
ID_8pkuLS,0
ID_8rrCJu,0
ID_8tvBCD,0
ID_8utdSR,0
ID_8vGmN4,0
ID_8wC54k,0
ID_8wCbAi,0
ID_8wEqoA,0
ID_8wFSWS,0
ID_8wyHS8,0
ID_8xMXZS,0
ID_8xNrGc,0
ID_8zgCYe,0
ID_926PZA,0
ID_92Dfpc,0
ID_92RJRv,0
ID_94RyBH,0
ID_965WSS,0
ID_96p2xz,0
ID_96qLRg,0
ID_98qkZ5,0
ID_99M4tq,0
ID_9BkGWu,0
ID_9DTPHU,0
ID_9DUzmG,0
ID_9E6zoj,0
ID_9EPSnK,0
ID_9EyANh,0
ID_9Fjugx,0
ID_9FrcGp,0
ID_9Fz5Cp,0
ID_9HrZwM,0
ID_9KKrN2,0
ID_9Lros9,0
ID_9MHGhk,0
ID_9QjRjj,0
ID_9Rr7ed,0
ID_9SmPk6,0
ID_9SxvWY,0
ID_9WWVyM,0
ID_9WYx3A,0
ID_9WvbRE,0
ID_9XzqKK,0
ID_9armjU,0
ID_9bNuU6,0
ID_9bSw7p,0
ID_9bodLY,0
ID_9f3PyE,0
ID_9gLncZ,0
ID_9gRdGV,0
ID_9gifsD,0
ID_9jJKDt,0
ID_9jSmWq,0
ID_9ngZFu,0
ID_9oCike,0
ID_9pA2jn,0
ID_9ryMHX,0
ID_9tf2AV,0
ID_9tg8f9,0
ID_9tsrpf,0
ID_9uE9MZ,0
ID_9uYma6,0
ID_9xScFp,0
ID_9z9LZF,0
ID_9zU2D2,0
ID_A4bEKz,0
ID_A5dPBi,0
ID_A88VvN,0
ID_A9WXtq,0
ID_A9nc28,0
ID_A9uWfy,0
ID_AAFM5C,0
ID_AApefY,0
ID_ABfEBZ,0
ID_ACtZ3w,0
ID_ADGr8t,0
ID_AFH5Bg,0
ID_AFV2ZM,0
ID_AFfXDd,0
ID_AFpT2T,0
ID_AGom2s,0
ID_AKT95J,0
ID_ANK9F7,0
ID_APWgNd,0
ID_APoPNc,0
ID_APrrkA,0
ID_ARVUf5,0
ID_AWAPQV,0
ID_AX2nzo,0
ID_AXSBJw,0
ID_AZ9TXD,0
ID_AZJFKy,0
ID_AaWDrB,0
ID_Aad7SE,0
ID_Ac8Uie,0
ID_AcegTy,0
ID_Aetod6,0
ID_AhCA2B,0
ID_AhtckR,0
ID_AkA5HD,0
ID_AkUFEN,0
ID_AmVHzH,0
ID_AnLzxq,0
ID_AnuCJ9,0
ID_AnuTFv,0
ID_AoCZf9,0
ID_AoQbXK,0
ID_Apmmrt,0
ID_Ar7X3i,0
ID_Asyp8N,0
ID_AtWdvb,0
ID_AwrLKZ,0
ID_Axocmd,0
ID_AyDdFe,0
ID_Ayjmmt,0
ID_B2WNAc,0
ID_B4j5Vv,0
ID_B57wpR,0
ID_B6Tv7H,0
ID_B72fpQ,0
ID_B9KoHt,0
ID_BBW7X8,0
ID_BCJrJt,0
ID_BDej3F,0
ID_BEYkNy,0
ID_BEdvTg,0
ID_BHdwgJ,0
ID_BNuZfq,0
ID_BPRNLQ,0
ID_BQQsyg,0
ID_BWvany,0
ID_BbWNb8,0
ID_Bbf8ch,0
ID_Bd6XHN,0
ID_Bdd9QU,0
ID_BeNDBS,0
ID_BfN74r,0
ID_BfQNqs,0
ID_Bh4ijE,0
ID_BjNXzb,0
ID_Bk78xo,0
ID_Bmc6SR,0
ID_Bnxss3,0
ID_BoHV2K,0
ID_BoMUeA,0
ID_BotS2g,0
ID_Bqgk87,0
ID_Br8h7e,0
ID_BrCb5T,0
ID_BrD3cE,0
ID_BsrPzY,0
ID_BtDkNs,0
ID_BtxFhp,0
ID_Bui5TD,0
ID_BuyBda,0
ID_BxZJrq,0
ID_C4LEeh,0
ID_C754c2,0
ID_C78DUq,0
ID_C7FPpG,0
ID_C974hk,0
ID_CGi3BZ,0
ID_CL7FQF,0
ID_CPW6ek,0
ID_CQ5RvR,0
ID_CRZPRg,0
ID_CS4D4X,0
ID_CSc62H,0
ID_CUBY3c,0
ID_CXpvVy,0
ID_CcxLQp,0
ID_Cd23j4,0
ID_CduTFa,0
ID_CgczsX,0
ID_CmVYnz,0
ID_CmVofB,0
ID_CoCmkG,0
ID_CrYigS,0
ID_Cv3Pbn,0
ID_CvRg9Z,0
ID_Cwq78j,0
ID_D3tatg,0
ID_D4PSfX,0
ID_D6rJBq,0
ID_D76caC,0
ID_D8Txco,0
ID_D8U7Cq,0
ID_D9Beh8,0
ID_DFMKgC,0
ID_DFVoZD,0
ID_DGhMsk,0
ID_DKHLTm,0
ID_DLU4Qh,0
ID_DMaJfj,0
ID_DNL2GN,0
ID_DSFoTd,0
ID_DTDLzC,0
ID_DVB6sD,0
ID_DWb4nE,0
ID_DWzXks,0
ID_DaZcuB,0
ID_DbNrtA,0
ID_DcXVak,0
ID_Dd2Gnb,0
ID_DdvWCJ,0
ID_DgiHKK,0
ID_Dh5HFu,0
ID_DiJVTu,0
ID_DiK44C,0
ID_DjdHhN,0
ID_DjjgoB,0
ID_Dq5xGA,0
ID_DrnGTx,0
ID_DtXT5h,0
ID_DuBAKS,0
ID_DuVZuG,0
ID_DxFGBK,0
ID_Dxwghg,0
ID_Dy4qTo,0
ID_DzBris,0
ID_E5Fdar,0
ID_E64Uxc,0
ID_E6zafb,0
ID_E9CbwR,0
ID_E9SThL,0
ID_E9uYAJ,0
ID_EAJ9xk,0
ID_EBVqfE,0
ID_ECyAj6,0
ID_EGBYi4,0
ID_EMUtzf,0
ID_ENsqVo,0
ID_ERTsUk,0
ID_ETBzaN,0
ID_EUZmtm,0
ID_EVhgnt,0
ID_EY5rtK,0
ID_EYLLhC,0
ID_EYipR8,0
ID_EamQhV,0
ID_EbAqY2,0
ID_EbwBhf,0
ID_EdvENJ,0
ID_EeJMqp,0
ID_Efcjnq,0
ID_EffMNK,0
ID_EjFUZL,0
ID_EkbRym,0
ID_EmJzcs,0
ID_EmLd2W,0
ID_EmVbV2,0
ID_EmbiB9,0
ID_Eoxabz,0
ID_EtrPCV,0
ID_Euz2yy,0
ID_EvPzre,0
ID_ExZ5iH,0
ID_EzMzBt,0
ID_F2S5GR,0
ID_F2f43D,0
ID_F3Hvxq,0
ID_F3Vh3z,0
ID_F4TMkH,0
ID_F54ozX,0
ID_F6uFuw,0
ID_F7wzQt,0
ID_F9gwvA,0
ID_F9hueD,0
ID_FBePBG,0
ID_FCqQqh,0
ID_FD8nkF,0
ID_FEfcAt,0
ID_FKoD62,0
ID_FKx86o,0
ID_FNZ6y3,0
ID_FPTwbH,0
ID_FRXNLF,0
ID_FSBypr,0
ID_FUboNP,0
ID_FW9hhA,0
ID_FWhuRT,0
ID_FWkd6V,0
ID_FXpoUm,0
ID_FZcmD9,0
ID_FbtzdU,0
ID_FcJ5uT,0
ID_Fi2gEQ,0
ID_FjM6Zd,0
ID_Fk7AVG,0
ID_FnVmbV,0
ID_FoZSSp,0
ID_ForNWx,0
ID_FqioGx,0
ID_FshCsT,0
ID_FsmKSb,0
ID_FsubrA,0
ID_Fswtzn,0
ID_FtQPoe,0
ID_Fu3vNV,0
ID_FuJhoQ,0
ID_Furmb2,0
ID_FvJzJJ,0
ID_Fvinji,0
ID_FxBfmK,0
ID_FxU63Z,0
ID_FyQEjB,0
ID_FzpoBE,0
ID_G2N2G7,0
ID_G4yVTB,0
ID_G53STS,0
ID_G6WxQh,0
ID_G7mGcG,0
ID_GBDDfN,0
ID_GBJ5UU,0
ID_GDoydG,0
ID_GEfSCU,0
ID_GF682r,0
ID_GFUXco,0
ID_GKkx2c,0
ID_GLqLeV,0
ID_GMdSCK,0
ID_GPSfAm,0
ID_GPkgG2,0
ID_GSjqP6,0
ID_GUhcWq,0
ID_GXdLE4,0
ID_GY4XNr,0
ID_GYHAXh,0
ID_GZXYpQ,0
ID_Gadc7M,0
ID_Gaom4e,0
ID_GbJVht,0
ID_GbVMNe,0
ID_GcpVrA,0
ID_GdBEPt,0
ID_GehrkK,0
ID_GenqTz,0
ID_GeyFjW,0
ID_Gh4rMm,0
ID_GjwPAM,0
ID_GkGnf8,0
ID_GncTwD,0
ID_Gp83Zv,0
ID_GpKJRL,0
ID_GpxVYD,0
ID_Gtju8e,0
ID_Gvjmtg,0
ID_GxQz2W,0
ID_GxyHHv,0
ID_GyrknP,0
ID_GzXay3,0
ID_H2FAqC,0
ID_H4itC2,0
ID_HCRijF,0
ID_HCekRM,0
ID_HDDLxj,0
ID_HDf5qY,0
ID_HDixpM,0
ID_HEbPFv,0
ID_HEjGbR,0
ID_HGNuaY,0
ID_HGS7dd,0
ID_HHhDrE,0
ID_HKvXKw,0
ID_HLiUL7,0
ID_HSEE5k,0
ID_HUDgNB,0
ID_HVWrDD,0
ID_HVaFfs,0
ID_HXgDcr,0
ID_HYu5YX,0
ID_Ha2ZmT,0
ID_Ha5e2q,0
ID_HbcJ7n,0
ID_HcK66S,0
ID_Hdy2av,0
ID_HemRje,0
ID_Hf8q7Q,0
ID_HfPjQq,0
ID_HgD2qB,0
ID_HhghML,0
ID_HjyMJS,0
ID_Hp5k8J,0
ID_Hxbifn,0
ID_HyH9Fp,0
ID_J2Gk4N,0
ID_J3QZCs,0
ID_J4dAiy,0
ID_J7wsdy,0
ID_J8J7AN,0
ID_J9HbAj,0
ID_JAB47X,0
ID_JBGuSX,0
ID_JC2ETL,0
ID_JDH7LN,0
ID_JDWGNa,0
ID_JES5VE,0
ID_JGeEkZ,0
ID_JGjjdv,0
ID_JJAtAM,0
ID_JMGyR4,0
ID_JMgseU,0
ID_JPWVkr,0
ID_JPtgHh,0
ID_JS78Me,0
ID_JTHYUn,0
ID_JWxyw7,0
ID_JX8RDM,0
ID_Ja6qh6,0
ID_JaCupz,0
ID_Jan9kH,0
ID_JdFDzf,0
ID_JdHj9z,0
ID_Je4tJb,0
ID_JhpEYs,0
ID_JkCiPB,0
ID_JmdCC5,0
ID_JoJDAy,0
ID_JopoKi,0
ID_JqvX5W,0
ID_JrYthE,0
ID_Js2mbL,0
ID_JsM7bn,0
ID_JsUdki,0
ID_JsYzws,0
ID_JtZoWN,0
ID_Ju6QU6,0
ID_JuMM5A,0
ID_Jv2hUY,0
ID_Jwfx7F,0
ID_K2kDym,0
ID_K3eZXr,0
ID_K3jqGC,0
ID_K4GXcT,0
ID_K4WiJS,0
ID_K4yVFJ,0
ID_K5FHuK,0
ID_K87Fpy,0
ID_K8wQct,0
ID_K9HAjP,0
ID_KAHENL,0
ID_KBZ6xo,0
ID_KD8J5U,0
ID_KDN7cv,0
ID_KEzENP,0
ID_KHKVZ7,0
ID_KHeDab,0
ID_KJxVij,0
ID_KKNQus,0
ID_KLYqTX,0
ID_KLwvdS,0
ID_KPCno7,0
ID_KPppP5,0
ID_KRkR8G,0
ID_KU9Nn7,0
ID_KUQkzV,0
ID_KUtEug,0
ID_KVRFoD,0
ID_KW2NPx,0
ID_KWu7gj,0
ID_KXMiE7,0
ID_KYcySb,0
ID_KaDP8X,0
ID_Kb6QTH,0
ID_Kc4j3p,0
ID_KdUH8g,0
ID_KfGYWP,0
ID_KhBQib,0
ID_KkKUL4,0
ID_KkqMuE,0
ID_KmbxzV,0
ID_KmxWr4,0
ID_KoUnv3,0
ID_KqQG5U,0
ID_KqQZZq,0
ID_Krkt8N,0
ID_KuLC32,0
ID_KvVPpr,0
ID_KxCssg,0
ID_KxSRJf,0
ID_KxYuon,0
ID_Kxc96a,0
ID_Kxv3VS,0
ID_KyCho4,0
ID_L2uGsX,0
ID_L4tagL,0
ID_L6emK4,0
ID_L7CFDC,0
ID_L83NvN,0
ID_LABupF,0
ID_LCAs56,0
ID_LEbS4e,0
ID_LFFYbP,0
ID_LJ5PsK,0
ID_LKPhUY,0
ID_LKaBqY,0
ID_LKizFZ,0
ID_LKue22,0
ID_LNPaGQ,0
ID_LNSYpU,0
ID_LPJjVn,0
ID_LPoLDE,0
ID_LRYzjb,0
ID_LS4Dym,0
ID_LXB6hq,0
ID_LXNYkx,0
ID_LZTLxo,0
ID_La2vfc,0
ID_LaMKBq,0
ID_LacCvY,0
ID_Lanojd,0
ID_LbGbLt,0
ID_Lc93XN,0
ID_LeetZG,0
ID_LfnWrZ,0
ID_Lg2CnK,0
ID_LgqZc3,0
ID_Lh5NAX,0
ID_Li6Qm5,0
ID_LiYDXL,0
ID_LjGt4v,0
ID_LjTDnN,0
ID_LnqYuy,0
ID_LpS8Uf,0
ID_Lpu8Bq,0
ID_Lq2Rb2,0
ID_LqxUCG,0
ID_Ls8cgP,0
ID_LspVp6,0
ID_LwMNyX,0
ID_LzDJQ7,0
ID_M45RHi,0
ID_M569wj,0
ID_M6f8Y6,0
ID_M7GRTS,0
ID_M7g8cG,0
ID_MCXitm,0
ID_MGq7Ro,0
ID_MKVbRM,0
ID_MKwDF3,0
ID_MMNGAL,0
ID_MNpRWS,0
ID_MPH3mf,0
ID_MS3G3V,0
ID_MSEAh2,0
ID_MSoDG8,0
ID_MTDtND,0
ID_MUhQMW,0
ID_MUyhTn,0
ID_MV3bBX,0
ID_MWBFiT,0
ID_MXtaMs,0
ID_MYVFoL,0
ID_MYZAAX,0
ID_MaGN3c,0
ID_Mambpf,0
ID_MdQ95S,0
ID_MdqqsB,0
ID_MgCtTy,0
ID_MhJxnE,0
ID_MjwVAg,0
ID_MnX2fm,0
ID_MoGSoX,0
ID_MstgjE,0
ID_MuNGzF,0
ID_MvAttX,0
ID_Mw4y9R,0
ID_MxnrGx,0
ID_N2CD4v,0
ID_N4bnVn,0
ID_N5GoP7,0
ID_N5xczZ,0
ID_N7GZke,0
ID_N8KmBf,0
ID_N8wKgb,0
ID_NB8Ucx,0
ID_NBzSCY,0
ID_NCsczJ,0
ID_NE634F,0
ID_NFFeNW,0
ID_NFbdYT,0
ID_NHs6ee,0
ID_NMwirk,0
ID_NNREKY,0
ID_NNduij,0
ID_NPtFU4,0
ID_NVCkGy,0
ID_NWT7S7,0
ID_NWjGtb,0
ID_NXVp9D,0
ID_NabkgX,0
ID_NbLwcb,0
ID_NbUQ8Y,0
ID_NgBNDJ,0
ID_Ngi7eo,0
ID_NhNAX5,0
ID_NhfPwH,0
ID_NjX5YC,0
ID_NmT9m2,0
ID_NmdsiF,0
ID_NmgcXs,0
ID_Npt3Rq,0
ID_NqWnt6,0
ID_Ns5z5U,0
ID_NsDWUm,0
ID_NsNG3x,0
ID_NvRV4F,0
ID_Nva3zT,0
ID_NvjRbd,0
ID_NxyiNi,0
ID_NyvUg9,0
ID_NzTnyM,0
ID_P4Z2sk,0
ID_PA97XB,0
ID_PAj6Xg,0
ID_PCHT4k,0
ID_PDBefZ,0
ID_PDMBxa,0
ID_PDTNCm,0
ID_PERKc9,0
ID_PESxvf,0
ID_PFfdHT,0
ID_PGrx5b,0
ID_PMpn3W,0
ID_PSioRB,0
ID_PSwuAC,0
ID_PTDgEb,0
ID_PUGTqu,0
ID_PVzaJJ,0
ID_PWKYyQ,0
ID_PXpekh,0
ID_PagRX7,0
ID_PdLnvg,0
ID_PdV62G,0
ID_PfnyXU,0
ID_PhFwgW,0
ID_PjVKxa,0
ID_PjhfZq,0
ID_Pm2CXP,0
ID_PmSagi,0
ID_PnSX2p,0
ID_PnaH7o,0
ID_Po3m3s,0
ID_PrXJyZ,0
ID_PttSN8,0
ID_PvHosQ,0
ID_PvfoxZ,0
ID_PwZn2i,0
ID_Pwr9cq,0
ID_PxdjPW,0
ID_Q3La4L,0
ID_Q4L9zA,0
ID_Q4Ry7u,0
ID_Q4av5T,0
ID_Q9kwuY,0
ID_QBLYJe,0
ID_QFrJTC,0
ID_QHemTB,0
ID_QHiS6S,0
ID_QHmA4t,0
ID_QJtDP5,0
ID_QMZ66L,0
ID_QN84aN,0
ID_QNKfGG,0
ID_QRqEE5,0
ID_QS852H,0
ID_QS9awi,0
ID_QSwcYR,0
ID_QUaerV,0
ID_QVFNJz,0
ID_QVTh2v,0
ID_QZSkAZ,0
ID_QakYnR,0
ID_QdBg4j,0
ID_Qe7dUk,0
ID_QeNv9P,0
ID_QgVEFE,0
ID_Qhbsp5,0
ID_Qi7Fyp,0
ID_QnRFFG,0
ID_QnfPdX,0
ID_QpnvER,0
ID_QrgFqq,0
ID_QrvYLN,0
ID_QryC7q,0
ID_Qt77UW,0
ID_Qu9jRx,0
ID_Qvcr3T,0
ID_Qz3vGj,0
ID_QzCMFJ,0
ID_QzDuAa,0
ID_QzagCv,0
ID_R2T5hv,0
ID_R3BcfQ,0
ID_R3Hj3H,0
ID_R5Jkej,0
ID_R76ceP,0
ID_R8CykY,0
ID_R9QnNq,0
ID_RDt69M,0
ID_REXse6,0
ID_RG9F3k,0
ID_RGkmt8,0
ID_RHea5c,0
ID_RJABAY,0
ID_RMDxmj,0
ID_RMpct9,0
ID_RNMyNs,0
ID_RP4Z5F,0
ID_RPXBG5,0
ID_RQ86H8,0
ID_RQCbD9,0
ID_RRnwic,0
ID_RT7xtK,0
ID_RTzHbD,0
ID_RUCVzx,0
ID_RV95jU,0
ID_RVosi4,0
ID_RX4om3,0
ID_RXjAdF,0
ID_RbJ258,0
ID_RcKxD8,0
ID_ReczPb,0
ID_RgPYRN,0
ID_RgVtVm,0
ID_Rhj9CL,0
ID_Ri5HxS,0
ID_Ri7EQ9,0
ID_Rj6KLA,0
ID_Rm5z44,0
ID_Rn6t7F,0
ID_RnLd2q,0
ID_RpaDwE,0
ID_RrWfTR,0
ID_RsWoLA,0
ID_RuaRR3,0
ID_RvRD2J,0
ID_RxxhuR,0
ID_Ry8fHX,0
ID_RzmRCE,0
ID_S2P95K,0
ID_S2dDaY,0
ID_S35z4e,0
ID_S4Rdvo,0
ID_S4cQPA,0
ID_S5hwhj,0
ID_SAYHEa,0
ID_SB5TMG,0
ID_SC9Zzh,0
ID_SCBFPX,0
ID_SCBRAA,0
ID_SCRmSA,0
ID_SCsuiq,0
ID_SDSySJ,0
ID_SENjTg,0
ID_SGMLvv,0
ID_SHwJmE,0
ID_SJciVh,0
ID_SJferF,0
ID_SKSc39,0
ID_SKyprj,0
ID_SLgXo5,0
ID_SMc5JR,0
ID_SN6Pm8,0
ID_SPfkoZ,0
ID_SRWUUc,0
ID_STGooQ,0
ID_SU3GKX,0
ID_SWFCFD,0
ID_SXT79t,0
ID_SXXR5x,0
ID_Sad4jF,0
ID_SbMi4M,0
ID_SeSa7F,0
ID_SfCBaz,0
ID_SfRJ9J,0
ID_ShLgwQ,0
ID_ShtSBr,0
ID_SjUnc4,0
ID_SmHAYL,0
ID_SnvCSU,0
ID_SoxMmj,0
ID_SpX3a2,0
ID_SqggGy,0
ID_SrMYvL,0
ID_SsAqE7,0
ID_StvaTp,0
ID_Sxdikx,0
ID_SxkWzJ,0
ID_Sy6CEc,0
ID_SypSNQ,0
ID_T3Mi7f,0
ID_T5G6uu,0
ID_T6RAmQ,0
ID_T6wykU,0
ID_TAZXGd,0
ID_TAaTNu,0
ID_TBvSgy,0
ID_TEFCnJ,0
ID_TFozhV,0
ID_TG8tcD,0
ID_TGij74,0
ID_THHkvi,0
ID_THWjhn,0
ID_TJB6rY,0
ID_TJz9ut,0
ID_TMk6S4,0
ID_TNXKGr,0
ID_TRSSE4,0
ID_TTTEFZ,0
ID_TUEvi4,0
ID_TV2irK,0
ID_TVyVzT,0
ID_TWQrk2,0
ID_TXPAw5,0
ID_TYTrxM,0
ID_TbtEww,0
ID_TcCJYv,0
ID_TcRS33,0
ID_TcVTsa,0
ID_TdBn3R,0
ID_Tgoxe4,0
ID_ThVJtT,0
ID_TiVVFc,0
ID_TiZJSu,0
ID_TiwPb6,0
ID_TnfrdJ,0
ID_TqKqBM,0
ID_TqaHML,0
ID_TxfYwB,0
ID_TyYQtq,0
ID_U5HJRH,0
ID_U6ZxfH,0
ID_U7mRKL,0
ID_U8RAnP,0
ID_U9BGs8,0
ID_U9fPxw,0
ID_UAKK7g,0
ID_UAPTCY,0
ID_UB3BKj,0
ID_UBVgPF,0
ID_UCnDUT,0
ID_UDczAp,0
ID_UDowcw,0
ID_UF55X4,0
ID_UH49qE,0
ID_UMNFAy,0
ID_UNX5Ha,0
ID_UNbcp8,0
ID_UPMJeM,0
ID_UPpLQ5,0
ID_URaFjC,0
ID_URryCB,0
ID_USTsdn,0
ID_UUQBrX,0
ID_UVsENj,0
ID_UW24L8,0
ID_UWDE5N,0
ID_UXoSMd,0
ID_UZ3AWZ,0
ID_UZeXQa,0
ID_UdoJ49,0
ID_UfnctW,0
ID_UgaNxT,0
ID_Uhu3rh,0
ID_UmZJuF,0
ID_Umunkz,0
ID_Un5WZ3,0
ID_UpewGH,0
ID_UpwZah,0
ID_Ur5YSm,0
ID_Uryjib,0
ID_Us5M3g,0
ID_Us9cST,0
ID_UtYrPo,0
ID_UtoxvN,0
ID_Uw7PJT,0
ID_UykaTm,0
ID_UzWZor,0
ID_UzmVoV,0
ID_V25cpE,0
ID_V2hFuP,0
ID_V5KfqX,0
ID_V74K9N,0
ID_V7SoED,0
ID_V8us6a,0
ID_V997Vp,0
ID_VBSWky,0
ID_VDJyxq,0
ID_VEDSRc,0
ID_VEZcRQ,0
ID_VFCNSz,0
ID_VJbXd5,0
ID_VKniMk,0
ID_VLNFkg,0
ID_VLyJ8j,0
ID_VMkFKL,0
ID_VQcTdo,0
ID_VRSpYR,0
ID_VTVvNG,0
ID_VUX26h,0
ID_VWH9DQ,0
ID_VXHvpG,0
ID_Vbsjn4,0
ID_Vc3NH3,0
ID_VdXYbC,0
ID_Vf5BaG,0
ID_VfeSFK,0
ID_VfehD7,0
ID_VgHAid,0
ID_VgWinF,0
ID_Vit7eJ,0
ID_VjYbik,0
ID_VmdXRd,0
ID_Vo2456,0
ID_VoREAk,0
ID_Vp8krK,0
ID_VuuU8Y,0
ID_Vw4U4h,0
ID_VyogGm,0
ID_Vz43Fr,0
ID_VzJ2ie,0
ID_VziLvX,0
ID_W2X58h,0
ID_W6RFrJ,0
ID_W6w2Wh,0
ID_W6wyYg,0
ID_W79NuT,0
ID_W7yuwj,0
ID_W8JapW,0
ID_WAGdpc,0
ID_WAU3hL,0
ID_WC29RD,0
ID_WC94yH,0
ID_WECyXW,0
ID_WGS7Jy,0
ID_WJhHNF,0
ID_WNE5k2,0
ID_WNvsEb,0
ID_WPfXLB,0
ID_WTGQP3,0
ID_WTZwNN,0
ID_WVPq9r,0
ID_WaRWmC,0
ID_WbhGrc,0
ID_WdSqoW,0
ID_WdUPZT,0
ID_WdWGt2,0
ID_Wn2uXF,0
ID_Wn9TYt,0
ID_WnibEq,0
ID_WnsfNi,0
ID_Wo7WhX,0
ID_WoZt6Q,0
ID_WqrRzM,0
ID_WrVrrG,0
ID_Wtt7Hs,0
ID_Ww64ym,0
ID_WzC2WJ,0
ID_WzZxgg,0
ID_X4p4jd,0
ID_X4wr8P,0
ID_X5Ksxg,0
ID_X5LjFF,0
ID_X5QSz6,0
ID_X6simo,0
ID_X8BoDm,0
ID_XAdjuW,0
ID_XCiwcb,0
ID_XFP5DC,0
ID_XG6XhS,0
ID_XGFEZP,0
ID_XGfMsB,0
ID_XLgQSR,0
ID_XN3Dkm,0
ID_XNrhJY,0
ID_XRjv4h,0
ID_XTFfdv,0
ID_XTxyCm,0
ID_XXkrjd,0
ID_XXvfVN,0
ID_XZBuqm,0
ID_Xa7T26,0
ID_XbHe8D,0
ID_XbfAup,0
ID_XgznXh,0
ID_XhDXJD,0
ID_XjQjzd,0
ID_XkvmcV,0
ID_Xm27eS,0
ID_Xm2X83,0
ID_XnxA6U,0
ID_Xpq7Fm,0
ID_XryQVa,0
ID_XudgTk,0
ID_XuiFrW,0
ID_Xv8ge4,0
ID_XxL7x2,0
ID_Xy9rPc,0
ID_XyLyw6,0
ID_Xz6Yk8,0
ID_XzWKGe,0
ID_XzgdYG,0
ID_Y3yZ8m,0
ID_Y4A8ic,0
ID_Y4vRTW,0
ID_Y5veb8,0
ID_Y7XP2j,0
ID_Y7ah3r,0
ID_Y7reLt,0
ID_YDEr2y,0
ID_YDvdRu,0
ID_YE6sS2,0
ID_YEqnTA,0
ID_YF3ETa,0
ID_YFGe3S,0
ID_YG2rQu,0
ID_YHDVSF,0
ID_YHz7u7,0
ID_YJmTjv,0
ID_YMKZac,0
ID_YMaMjg,0
ID_YPAEbN,0
ID_YPPWXS,0
ID_YQ8D44,0
ID_YQTA4h,0
ID_YQzjoC,0
ID_YTk7rK,0
ID_YXm38u,0
ID_YYxLAF,0
ID_YZNP9n,0
ID_YZoYN2,0
ID_Ybg7vv,0
ID_YfHsJt,0
ID_Yg8Bhw,0
ID_YgCkoE,0
ID_YhNWUh,0
ID_YjrkBf,0
ID_YkANuX,0
ID_YkQofM,0
ID_Ymbeg6,0
ID_Yn7tVP,0
ID_YnejRm,0
ID_Ypihze,0
ID_YqfDbF,0
ID_YrBHny,0
ID_YxsgEY,0
ID_Yzw4ut,0
ID_Z2rSDD,0
ID_Z3ehBN,0
ID_Z4MbTp,0
ID_Z4SN6u,0
ID_Z5QCXc,0
ID_Z6Dr8q,0
ID_Z7EoFY,0
ID_Z7gKac,0
ID_Z89dPG,0
ID_Z8MaoS,0
ID_Z8XDYs,0
ID_ZAXUdu,0
ID_ZAxMAJ,0
ID_ZBqSze,0
ID_ZHDXoR,0
ID_ZJKe5U,0
ID_ZJxZV6,0
ID_ZK3cte,0
ID_ZKxGS8,0
ID_ZLZZWF,0
ID_ZMCSNS,0
ID_ZPjUMD,0
ID_ZSxZF5,0
ID_ZXyFMZ,0
ID_ZdY62m,0
ID_ZiWpYB,0
ID_ZniLnf,0
ID_ZpXoac,0
ID_Zq8StN,0
ID_ZqzTKm,0
ID_Zr92wA,0
ID_ZrLkQQ,0
ID_ZrRGfg,0
ID_ZrjzTr,0
ID_ZsfKGj,0
ID_ZvFhvy,0
ID_Zy5TKN,0
ID_ZyCxS7,0
ID_a3p7zM,0
ID_a6htMW,0
ID_a6juih,0
ID_a7LoyZ,0
ID_a9NNCX,0
ID_aCr7i5,0
ID_aDcwZu,0
ID_aDyir5,0
ID_aEJBjY,0
ID_aHddtL,0
ID_aJbSsq,0
ID_aKJx4x,0
ID_aN9D8Z,0
ID_aNCWzh,0
ID_aPJQ8z,0
ID_aReZdd,0
ID_aRgATF,0
ID_aRsV7M,0
ID_aSm2XA,0
ID_aWVpSm,0
ID_aWoid4,0
ID_aY8AYe,0
ID_aZE8RQ,0
ID_aZEKbF,0
ID_aaCnrW,0
ID_aaQZ2G,0
ID_aawbp9,0
ID_ab4M45,0
ID_abFhHq,0
ID_acLRvr,0
ID_adWcTF,0
ID_aihSYt,0
ID_aj8BJK,0
ID_aj8j29,0
ID_ajZirM,0
ID_ak9AvD,0
ID_akTBQP,0
ID_akxa7s,0
ID_amYcwv,0
ID_an2Z49,0
ID_aqVSeZ,0
ID_aqanuQ,0
ID_asGpcp,0
ID_asincg,0
ID_atDGjg,0
ID_auVfzp,0
ID_autC4G,0
ID_avBeF7,0
ID_awhux5,0
ID_axAQxv,0
ID_b4joiP,0
ID_b8ECK3,0
ID_b9ngg9,0
ID_b9pc97,0
ID_bCnzZB,0
ID_bEHmhY,0
ID_bEpsfg,0
ID_bFa96U,0
ID_bJUFr3,0
ID_bLjP8d,0
ID_bN67wx,0
ID_bNZNGT,0
ID_bPnFbJ,0
ID_bPqCKH,0
ID_bQLYE3,0
ID_bS8Z9Y,0
ID_bU8cWc,0
ID_bUcXbM,0
ID_bVFzKA,0
ID_bZRwFD,0
ID_bbF5KG,0
ID_bbRtGu,0
ID_bdUqMb,0
ID_bdV6EE,0
ID_beypaa,0
ID_bf9tBN,0
ID_bfcvXX,0
ID_bfe6Dr,0
ID_bh45Z9,0
ID_bmacyK,0
ID_bmxL6M,0
ID_bn63Ep,0
ID_bp3N8g,0
ID_bpLcSj,0
ID_brGz6u,0
ID_bsGSsB,0
ID_bsJiJs,0
ID_buP8Cb,0
ID_bvmE6u,0
ID_bvyJxd,0
ID_bwPpN9,0
ID_bxWeip,0
ID_bxdHMu,0
ID_bzb4ff,0
ID_bzdBEh,0
ID_c2Kfjt,0
ID_c2iJYC,0
ID_c3fn67,0
ID_c5rvc4,0
ID_c7F4ot,0
ID_c7HrQY,0
ID_c9v4Ut,0
ID_cAVBqj,0
ID_cBUDZs,0
ID_cBcKQP,0
ID_cD4zjt,0
ID_cDBvpM,0
ID_cGcZEp,0
ID_cHrvit,0
ID_cJPod9,0
ID_cMKuhS,0
ID_cNAUsc,0
ID_cPz3Fj,0
ID_cR6AKY,0
ID_cRMiPR,0
ID_cTzP8o,0
ID_cWt8o6,0
ID_cXPBWc,0
ID_cXcJDo,0
ID_cXnrYW,0
ID_cYndfk,0
ID_caCfAX,0
ID_cdDnzq,0
ID_cfmQf2,0
ID_cfvDYG,0
ID_ciHS4w,0
ID_ciN8H3,0
ID_cmY4CE,0
ID_cmtJed,0
ID_cnDykE,0
ID_cqqTNt,0
ID_cqvCoJ,0
ID_cr8q3X,0
ID_cr9ayo,0
ID_ctUnHr,0
ID_cu5DAt,0
ID_cuj6ry,0
ID_cvcCKr,0
ID_d3XBGK,0
ID_d3soJR,0
ID_d5bxRs,0
ID_d7gTNN,0
ID_d8Wp3c,0
ID_d8reBL,0
ID_d96SBc,0
ID_dB89Bb,0
ID_dGiqW8,0
ID_dJGjdh,0
ID_dK9rWT,0
ID_dLkk84,0
ID_dMUo6f,0
ID_dNJFgA,0
ID_dPbzDj,0
ID_dRX5fH,0
ID_dT9JFE,0
ID_dXaDDU,0
ID_daNdgu,0
ID_dbeTnC,0
ID_dguZvc,0
ID_dhKpnX,0
ID_diK2H2,0
ID_diwGhg,0
ID_djBfqe,0
ID_djzJHQ,0
ID_dm8r4W,0
ID_dnS3c7,0
ID_dq6XDr,0
ID_drB4Ss,0
ID_ds3YCa,0
ID_dvLd8S,0
ID_dwSRx6,0
ID_dxPNkg,0
ID_dyHGFr,0
ID_dyaAxj,0
ID_dzw7SN,0
ID_dzzKFp,0
ID_e3aFhr,0
ID_e3cmvX,0
ID_e4igvE,0
ID_e5EqYU,0
ID_e5FazT,0
ID_e5tKdu,0
ID_eAUD9z,0
ID_eCnVxj,0
ID_eET3qP,0
ID_eFvp9o,0
ID_eFxuBv,0
ID_eGh9v2,0
ID_eKyrxT,0
ID_eLUpJB,0
ID_eM9RJh,0
ID_eMM2WZ,0
ID_eNJTgD,0
ID_eP3CjG,0
ID_ePKy5D,0
ID_eRqFg5,0
ID_eTU2MH,0
ID_eTzL2s,0
ID_eVDJXs,0
ID_eWtGcv,0
ID_eX76Pj,0
ID_eY2Avz,0
ID_eYicxq,0
ID_ebmQpf,0
ID_edCfy4,0
ID_edW2wE,0
ID_eeqdji,0
ID_efg9uC,0
ID_ej9TAi,0
ID_emqDEp,0
ID_enZBd3,0
ID_eounTA,0
ID_ep6ysG,0
ID_esiuST,0
ID_espRVK,0
ID_eu9Wyt,0
ID_eukCcb,0
ID_ew5PVH,0
ID_ex74iW,0
ID_exWAEL,0
ID_ez9StV,0
ID_ezo64n,0
ID_f6FXKf,0
ID_f9yWQo,0
ID_fAk7xw,0
ID_fB86Fv,0
ID_fCmp2z,0
ID_fDhftW,0
ID_fEdAHf,0
ID_fEwebZ,0
ID_fFywwp,0
ID_fGUdQM,0
ID_fGczJu,0
ID_fHpBfp,0
ID_fKQJDq,0
ID_fLTRDk,0
ID_fLgQtJ,0
ID_fPozPS,0
ID_fRBpbg,0
ID_fREYDD,0
ID_fRimPF,0
ID_fSGpVf,0
ID_fTHkoR,0
ID_fUnMHY,0
ID_fVJt22,0
ID_fVnFHD,0
ID_fXhDDz,0
ID_fYFRFx,0
ID_fYSowQ,0
ID_fZ48uD,0
ID_fdBkni,0
ID_fefN3z,0
ID_feofhm,0
ID_fkMwhq,0
ID_fmJpEj,0
ID_fmjGZ7,0
ID_fnecGx,0
ID_fqdJp3,0
ID_fwN9Kn,0
ID_fwobmo,0
ID_fxTGpw,0
ID_fyAtCo,0
ID_g3TUy7,0
ID_g3iLYF,0
ID_g4LWUR,0
ID_g4PwTC,0
ID_g63EZ5,0
ID_g7QL7b,0
ID_gBpmkJ,0
ID_gCV77z,0
ID_gD3Taa,0
ID_gEXnED,0
ID_gEzHof,0
ID_gGPcFs,0
ID_gGW6J9,0
ID_gHuY5c,0
ID_gJtLpW,0
ID_gL3Jcq,0
ID_gMtLFb,0
ID_gPdnCS,0
ID_gPo8b5,0
ID_gRnQwV,0
ID_gSrXuo,0
ID_gUEnSS,0
ID_gUryfH,0
ID_gVMZV2,0
ID_gVwz99,0
ID_gYUKnv,0
ID_gYvuE2,0
ID_gaiqgL,0
ID_gbFHPL,0
ID_geRHhE,0
ID_giRr3H,0
ID_gix9Nt,0
ID_gj35Az,0
ID_gkdH6z,0
ID_gmbE79,0
ID_gmdgAG,0
ID_gnCwgc,0
ID_gp8gdx,0
ID_guGidj,0
ID_gvX7s6,0
ID_gwnBjb,0
ID_gzYYvv,0
ID_h36biA,0
ID_h3CSNt,0
ID_h5i7qr,0
ID_h6Wkbc,0
ID_h7jA6V,0
ID_h8RedQ,0
ID_h9WCxa,0
ID_hAh6kd,0
ID_hBZxUA,0
ID_hBtjQj,0
ID_hBtp6R,0
ID_hEyx33,0
ID_hF5UZa,0
ID_hGRQBE,0
ID_hGSzbq,0
ID_hGaT78,0
ID_hJ4ShA,0
ID_hLKvbs,0
ID_hN2Dew,0
ID_hNkDx3,0
ID_hQzYWF,0
ID_hTQusa,0
ID_hTVu6V,0
ID_hTuvso,0
ID_hVkvSY,0
ID_hVsUKt,0
ID_hWz32G,0
ID_hXDZe9,0
ID_hYJiz8,0
ID_hZfSVW,0
ID_hcCthZ,0
ID_hfXkhm,0
ID_hh2cjt,0
ID_hiKP3T,0
ID_hib4G7,0
ID_hmKeQC,0
ID_hnrdUs,0
ID_hrCFXW,0
ID_hrvax5,0
ID_hsNE7r,0
ID_hus4uV,0
ID_hzTgmo,0
ID_i4zBky,0
ID_i76uwE,0
ID_i8Qa4y,0
ID_i8n24f,0
ID_i9ttdQ,0
ID_i9uNPT,0
ID_iCPfvD,0
ID_iEDGX6,0
ID_iESN2t,0
ID_iGcSX9,0
ID_iHyohu,0
ID_iKWQSg,0
ID_iKZoAD,0
ID_iMLBHS,0
ID_iN3mgr,0
ID_iN842b,0
ID_iNC3UH,0
ID_iPA4VW,0
ID_iQnKXN,0
ID_iRd6qa,0
ID_iSXDdC,0
ID_iUFJsj,0
ID_iX8BbZ,0
ID_iYM2SZ,0
ID_iZj43w,0
ID_iaJTkX,0
ID_ian8Uc,0
ID_ic4ebq,0
ID_ifajHx,0
ID_ifmuZC,0
ID_igMpHw,0
ID_ihSATX,0
ID_imJ5of,0
ID_imvKeu,0
ID_inBXGP,0
ID_inskN6,0
ID_iriFvE,0
ID_isXRkH,0
ID_iue9Pw,0
ID_iwpUuR,0
ID_ix7YLS,0
ID_iyfEzL,0
ID_iz59cb,0
ID_izyuH4,0
ID_j22Cah,0
ID_j2Zqgt,0
ID_j3gJSa,0
ID_j4W5FG,0
ID_j4eRXJ,0
ID_j6ypk4,0
ID_j7TsQL,0
ID_j8yiNY,0
ID_jBAmQz,0
ID_jBaAFP,0
ID_jD3bE5,0
ID_jFDLD8,0
ID_jG8VLr,0
ID_jGFsBN,0
ID_jGZLrT,0
ID_jHRSpP,0
ID_jJssNE,0
ID_jLZyct,0
ID_jLbTBr,0
ID_jLzJYc,0
ID_jPvf79,0
ID_jQCuoz,0
ID_jYKfi4,0
ID_jZUU8m,0
ID_jaXfXa,0
ID_jbMj3E,0
ID_jbN3Fo,0
ID_jeppa7,0
ID_jgVBuY,0
ID_jgc3jk,0
ID_jh345F,0
ID_jhnXjB,0
ID_jicMbx,0
ID_jkGsFg,0
ID_jkhwei,0
ID_jmCZnC,0
ID_jnwjMF,0
ID_joUixs,0
ID_jpSRBX,0
ID_jqPHLy,0
ID_jqnTDb,0
ID_jquQLY,0
ID_jqxpR2,0
ID_jrgvkc,0
ID_jsFZ5S,0
ID_jswngv,0
ID_jtR4JX,0
ID_jui2bv,0
ID_juwXc2,0
ID_jwKE9o,0
ID_jyqrSa,0
ID_jz3Yty,0
ID_k4GoSL,0
ID_k4M8gq,0
ID_k4fG6C,0
ID_k6QGkF,0
ID_k7j4Hw,0
ID_k8Jc4g,0
ID_k8zRAW,0
ID_kBEi7B,0
ID_kD6SS5,0
ID_kFm95B,0
ID_kJoZMZ,0
ID_kKM43w,0
ID_kM5AYx,0
ID_kMfAhM,0
ID_kMynMh,0
ID_kNAHnv,0
ID_kPpCjF,0
ID_kUy7pZ,0
ID_kWAtT2,0
ID_kWXHcH,0
ID_kWYi2X,0
ID_kWoeKa,0
ID_kZCRJH,0
ID_kZkL92,0
ID_kax3mQ,0
ID_kcajxn,0
ID_kcjZhV,0
ID_kdaoZ4,0
ID_khsZHV,0
ID_khu6uf,0
ID_kiy3Jk,0
ID_kku7wb,0
ID_kmVncW,0
ID_knG6P3,0
ID_knKXz8,0
ID_kpaVAE,0
ID_kqrEMQ,0
ID_kvKz3y,0
ID_kwpBDb,0
ID_kx2fcq,0
ID_kx8G4T,0
ID_kyAcUf,0
ID_m5sPS5,0
ID_m63C8P,0
ID_m8WKCg,0
ID_m9CEKa,0
ID_m9Q6NW,0
ID_mBXwfy,0
ID_mCcSWW,0
ID_mE26kj,0
ID_mFMoQ8,0
ID_mHh5dJ,0
ID_mHhSfD,0
ID_mJpMVn,0
ID_mKTvxo,0
ID_mPKKnv,0
ID_mQsgu3,0
ID_mSX7tn,0
ID_mUhH3W,0
ID_mW3ntj,0
ID_mXWsvC,0
ID_maGFcB,0
ID_mdhWde,0
ID_mgiRvD,0
ID_mgtsLy,0
ID_miJkCB,0
ID_mipo4w,0
ID_mjA4T9,0
ID_mk3uVJ,0
ID_mmXskd,0
ID_mordts,0
ID_mpEfXf,0
ID_mpHuLH,0
ID_mqb8bd,0
ID_mrAdx6,0
ID_mrBkXo,0
ID_mrVEk7,0
ID_mryYTR,0
ID_msDhLm,0
ID_msvACQ,0
ID_mu89YF,0
ID_muhyBQ,0
ID_mvqwKA,0
ID_mw7wck,0
ID_mwQ6x4,0
ID_mws7oc,0
ID_mxfpjs,0
ID_n2SBLj,0
ID_n4J4Cm,0
ID_n4WqmK,0
ID_n5Aa9F,0
ID_n6qPAo,0
ID_n7RWsN,0
ID_n969db,0
ID_nAnRXM,0
ID_nCYX7v,0
ID_nDB7W4,0
ID_nEfocu,0
ID_nFxbyv,0
ID_nG7K2H,0
ID_nJkgH6,0
ID_nKDf3a,0
ID_nKUNWd,0
ID_nKVoQ5,0
ID_nLSq8n,0
ID_nMAiLN,0
ID_nMz5UH,0
ID_nP2UDK,0
ID_nP9wbx,0
ID_nPu9G5,0
ID_nQQhbo,0
ID_nScfSy,0
ID_nVx6yS,0
ID_nW4Ph3,0
ID_nYBTbb,0
ID_nbDPn4,0
ID_nciTcN,0
ID_ncibxo,0
ID_new7oQ,0
ID_ngn3PY,0
ID_njiva9,0
ID_nn8XaX,0
ID_nnCAyd,0
ID_nnCeGa,0
ID_nnDzpY,0
ID_nond9s,0
ID_np9hjo,0
ID_npSfcp,0
ID_npchkX,0
ID_nqRUQc,0
ID_nrDPpz,0
ID_ns8ZYs,0
ID_ns9GtB,0
ID_ntLWay,0
ID_ntyv9u,0
ID_nv8pbv,0
ID_nvu6Qo,0
ID_nxmmYw,0
ID_nyps3J,0
ID_o2EkNp,0
ID_o37fTA,0
ID_o4K2W9,0
ID_o5J4sD,0
ID_o6xEZ4,0
ID_o7fhGp,0
ID_o95ZNH,0
ID_o9u9nb,0
ID_oAkikG,0
ID_oEpdQ9,0
ID_oGkw4D,0
ID_oH5aDX,0
ID_oHZFRd,0
ID_oJFwja,0
ID_oJZmQz,0
ID_oJadmq,0
ID_oKZTZe,0
ID_oLaAbh,0
ID_oLpu2V,0
ID_oM8nWz,0
ID_oMgVUn,0
ID_oNV4pn,0
ID_oNpYQN,0
ID_oQasNh,0
ID_oQmFyj,0
ID_oRFV5n,0
ID_oSiYxx,0
ID_oSmzaR,0
ID_oTgXJB,0
ID_oU4L3J,0
ID_oXXxjd,0
ID_oafpuS,0
ID_oam8Mw,0
ID_obWruf,0
ID_obwrbA,0
ID_of9DbP,0
ID_ogvDZt,0
ID_ohb8L4,0
ID_oi56UW,0
ID_ojktwh,0
ID_oowaDb,0
ID_opXAnF,0
ID_oqmdkM,0
ID_oqzBmC,0
ID_osR3Yq,0
ID_otFrLZ,0
ID_oukZSE,0
ID_ouqosd,0
ID_ow9q6r,0
ID_ox7MkE,0
ID_oxzoXw,0
ID_oyLDaY,0
ID_oysAcL,0
ID_p2jpw4,0
ID_p4n6sC,0
ID_p7NgwG,0
ID_p9dtC5,0
ID_pBWqKn,0
ID_pDQNd9,0
ID_pFh8Ke,0
ID_pJ64da,0
ID_pJZoLN,0
ID_pK5oXh,0
ID_pL5qPN,0
ID_pPLiqf,0
ID_pQTDat,0
ID_pQquqy,0
ID_pT76u4,0
ID_pTFuZ3,0
ID_pWgPLk,0
ID_pXhfPe,0
ID_pYA5Gs,0
ID_pYnJfy,0
ID_pa5HVA,0
ID_pamMRC,0
ID_pew8eA,0
ID_pf2iwb,0
ID_pgRosL,0
ID_phA3pG,0
ID_pjsaQ2,0
ID_pjwhne,0
ID_pkWkXP,0
ID_pkiDj6,0
ID_poW56W,0
ID_pp8QRC,0
ID_pprrzw,0
ID_ps38NC,0
ID_ptNYDT,0
ID_pthHgK,0
ID_ptrkXg,0
ID_pxbGKc,0
ID_pxryqL,0
ID_py4Eai,0
ID_pzpv9u,0
ID_q3QCrY,0
ID_q4P84i,0
ID_q7LGDS,0
ID_q7zNu3,0
ID_q949hQ,0
ID_q9Drch,0
ID_qB9P74,0
ID_qDUoah,0
ID_qDX8Sg,0
ID_qE4Z3p,0
ID_qEZNdx,0
ID_qGcLmA,0
ID_qHWtsv,0
ID_qJ5m98,0
ID_qJyZYF,0
ID_qLQ5fY,0
ID_qMdyiZ,0
ID_qNykSZ,0
ID_qPj2L4,0
ID_qQWGzM,0
ID_qRJJpe,0
ID_qRLwFt,0
ID_qRPUou,0
ID_qSncaE,0
ID_qTVNgx,0
ID_qTYfsG,0
ID_qVZvxk,0
ID_qY4Q36,0
ID_qYpCjK,0
ID_qZdLiy,0
ID_qa56Wv,0
ID_qbYaZ8,0
ID_qbdqsa,0
ID_qcDZYa,0
ID_qcHNB6,0
ID_qdvJBy,0
ID_qe9ePR,0
ID_qg3P57,0
ID_qhFhca,0
ID_qjHwJ7,0
ID_qk9Stw,0
ID_qkf98m,0
ID_qmjvnJ,0
ID_qnpu2o,0
ID_qpUKNa,0
ID_qqriA5,0
ID_qquMen,0
ID_qs8Hqf,0
ID_qt9HUg,0
ID_qupN7K,0
ID_qwxKCH,0
ID_qxLk59,0
ID_qxNq2f,0
ID_qxyxPr,0
ID_qyNato,0
ID_r3HHJ7,0
ID_r5gWUB,0
ID_r9EVdC,0
ID_rByoMU,0
ID_rEPeZu,0
ID_rHcyuK,0
ID_rHebgb,0
ID_rHhzYr,0
ID_rJpPoi,0
ID_rN65X6,0
ID_rQhNEE,0
ID_rRaHQQ,0
ID_rS7j8P,0
ID_rTtVhc,0
ID_rVHEJG,0
ID_rVK6UC,0
ID_rVr3xL,0
ID_rW7G73,0
ID_rWma8h,0
ID_ran5BL,0
ID_rawc8Y,0
ID_rbtjhU,0
ID_rcUyYu,0
ID_reF9Ec,0
ID_rhNYJq,0
ID_ri8Nhf,0
ID_rkmujv,0
ID_rn5Dyj,0
ID_rn5Rkj,0
ID_rnUqmS,0
ID_rogrJR,0
ID_rpiVPj,0
ID_rs3iWK,0
ID_rtDhm3,0
ID_ru5JQ5,0
ID_rwav3k,0
ID_rwuLSq,0
ID_rwuNJa,0
ID_rxuQPq,0
ID_rzPbEX,0
ID_s2jw6C,0
ID_s3VKMw,0
ID_s3sYzW,0
ID_s43dc8,0
ID_s6k4yc,0
ID_s8zbBk,0
ID_s9BuvT,0
ID_sANZA9,0
ID_sBbq3a,0
ID_sD2fUg,0
ID_sEMVsq,0
ID_sFsZan,0
ID_sKGk3L,0
ID_sLmxLj,0
ID_sMFYw6,0
ID_sN2XjB,0
ID_sN3Xpd,0
ID_sTnHxU,0
ID_sUdZfg,0
ID_sVDseV,0
ID_sW76cY,0
ID_sX5J2L,0
ID_sYvnF5,0
ID_sZgWpJ,0
ID_saPToh,0
ID_sbyFTf,0
ID_sdTTya,0
ID_seEM4P,0
ID_seXZGs,0
ID_seeYwC,0
ID_sjsx8m,0
ID_skRJn4,0
ID_sngaaN,0
ID_soMbxx,0
ID_sozSTY,0
ID_spAxfe,0
ID_spQS9a,0
ID_srfQKt,0
ID_suY54P,0
ID_sx7Vrj,0
ID_sxzEDN,0
ID_syZrwz,0
ID_syrb46,0
ID_t2KAT4,0
ID_t2N7qz,0
ID_t2Ubgc,0
ID_t3BMBm,0
ID_t7eor3,0
ID_t8RBVW,0
ID_t9c99d,0
ID_tAiM6k,0
ID_tAzuEP,0
ID_tBmsHV,0
ID_tCAA2m,0
ID_tHW2nL,0
ID_tLiWua,0
ID_tMfpS4,0
ID_tNDNf5,0
ID_tP46cU,0
ID_tP7ydA,0
ID_tQHy8h,0
ID_tR97T2,0
ID_tTUeBs,0
ID_tUvRCU,0
ID_tWjJ6A,0
ID_tX6gqf,0
ID_tXhX5G,0
ID_tYH6KS,0
ID_tYRsEU,0
ID_tZU3EK,0
ID_tZpH4s,0
ID_tbDykq,0
ID_ti2ufy,0
ID_tiUe2D,0
ID_tjSN2U,0
ID_tmWZNS,0
ID_tmWsZa,0
ID_tpkjGo,0
ID_tqnVcn,0
ID_ttBTL2,0
ID_ttMTvt,0
ID_ttkp7g,0
ID_ttziST,0
ID_tvRyov,0
ID_twBhPe,0
ID_twKoZt,0
ID_tyKWEN,0
ID_u5678A,0
ID_u6zHhT,0
ID_u8ZXBW,0
ID_u8rwBx,0
ID_uEerdC,0
ID_uFyE7v,0
ID_uHBS7r,0
ID_uKsVMc,0
ID_uLHsrY,0
ID_uP27YD,0
ID_uPU9KH,0
ID_uRdpCt,0
ID_uUoKpH,0
ID_uXwhYU,0
ID_uZYzYS,0
ID_uZey5o,0
ID_uck6c9,0
ID_udxYv6,0
ID_ufKGns,0
ID_ufVouw,0
ID_uhc8UG,0
ID_uhxvRR,0
ID_ujfLj6,0
ID_unEWG4,0
ID_unF2ue,0
ID_upTDUq,0
ID_upmzjN,0
ID_uq4Mni,0
ID_urmnct,0
ID_usnn2D,0
ID_utyHPN,0
ID_utyJKn,0
ID_uvo5wa,0
ID_uvq8eM,0
ID_uyKTEX,0
ID_v6DzUU,0
ID_v7tYsa,0
ID_v96vRZ,0
ID_v9g3pe,0
ID_vABicB,0
ID_vCKahk,0
ID_vEHmuV,0
ID_vGTkLx,0
ID_vHFmJT,0
ID_vLGkxb,0
ID_vLQD8v,0
ID_vM3fen,0
ID_vMTVcz,0
ID_vPGphU,0
ID_vPiStf,0
ID_vPigiL,0
ID_vQK6c3,0
ID_vTt22H,0
ID_vW3Quj,0
ID_vWJqAc,0
ID_vZ4gRU,0
ID_vaHpnp,0
ID_vaK3UQ,0
ID_vaSkZJ,0
ID_vaZUms,0
ID_vb7tXi,0
ID_vbjfnn,0
ID_vcc3eA,0
ID_vcwoyq,0
ID_ve6z9Q,0
ID_vhBJAn,0
ID_vhtHy5,0
ID_vsrLeD,0
ID_vtFwCV,0
ID_vukzhs,0
ID_vvEfg4,0
ID_vvMRRM,0
ID_vwFCHB,0
ID_vyT3kD,0
ID_vyvioN,0
ID_w3R7HF,0
ID_w3vuRs,0
ID_w56izL,0
ID_w7vzEj,0
ID_w8CQQx,0
ID_w9PFhE,0
ID_wDQi6E,0
ID_wDRosT,0
ID_wFrEZh,0
ID_wGU3ME,0
ID_wNrcCU,0
ID_wSy8ma,0
ID_wTTzRP,0
ID_wTdKEV,0
ID_wTxzLW,0
ID_wVqHLS,0
ID_wWDmAq,0
ID_wXYnYR,0
ID_wXr2cp,0
ID_wYwLfH,0
ID_wZYRpS,0
ID_wapbdk,0
ID_wbQ2d8,0
ID_wc3JMF,0
ID_wc9zu4,0
ID_weBJS3,0
ID_whbB5F,0
ID_whtHjm,0
ID_wiQHLX,0
ID_wjSrjt,0
ID_wjbCnb,0
ID_wkBnAc,0
ID_wnNYBd,0
ID_wp2uwj,0
ID_wpXnrk,0
ID_wpbVLx,0
ID_wpo4in,0
ID_wrY29t,0
ID_wuMb8e,0
ID_wuf7XG,0
ID_wuf97j,0
ID_wvFKui,0
ID_ww4m6C,0
ID_wxjgmR,0
ID_wzYsYW,0
ID_wzZRx5,0
ID_x25RWA,0
ID_x2cwdM,0
ID_x58LP3,0
ID_x9Jcse,0
ID_x9KQGt,0
ID_xBVkwJ,0
ID_xELQK7,0
ID_xGjVgJ,0
ID_xKugSa,0
ID_xLjzy7,0
ID_xNZm8i,0
ID_xNpJVF,0
ID_xSTLRK,0
ID_xSuvTh,0
ID_xXmPCy,0
ID_xXoXMW,0
ID_xbA8hz,0
ID_xbn7iv,0
ID_xcApqr,0
ID_xcG8Ky,0
ID_xctoir,0
ID_xgCp2r,0
ID_xhMU6n,0
ID_xiMfFq,0
ID_xixZGd,0
ID_xmM8RQ,0
ID_xma52C,0
ID_xojz3P,0
ID_xqYmrY,0
ID_xrgyAN,0
ID_xt4Vxo,0
ID_xwxfMR,0
ID_xy58Qv,0
ID_xyUnAM,0
ID_y2DWHT,0
ID_y3AriF,0
ID_y5AouP,0
ID_y6ZQCJ,0
ID_y7o2TK,0
ID_y88WEx,0
ID_yALBkM,0
ID_yBTZB2,0
ID_yDEMyV,0
ID_yEFNc9,0
ID_yFPaxw,0
ID_yGMhuk,0
ID_yHF2y5,0
ID_yHQmbi,0
ID_yHdXtT,0
ID_yJakfY,0
ID_yL5bh8,0
ID_yLmTmY,0
ID_yNwtES,0
ID_yPkRc9,0
ID_yQD43B,0
ID_yQcArU,0
ID_yQpV5D,0
ID_yVJaYu,0
ID_yYLFpY,0
ID_yYjgZ4,0
ID_yZG3F3,0
ID_ybZPQ9,0
ID_yd7kad,0
ID_ydR5Gk,0
ID_yhPqWG,0
ID_yiX7D3,0
ID_yig78X,0
ID_ykKaCs,0
ID_ymZq8s,0
ID_ynFY6t,0
ID_yofrKb,0
ID_yqFeKV,0
ID_ys8SHJ,0
ID_ywMYKc,0
ID_yx6yYg,0
ID_z3QFe8,0
ID_z3mbuF,0
ID_z4zYkK,0
ID_z5EgJ7,0
ID_z63RfG,0
ID_z68jUW,0
ID_z75Mid,0
ID_zA4rkL,0
ID_zA7cE6,0
ID_zBom9A,0
ID_zD4nD9,0
ID_zEzWdd,0
ID_zFuZ5S,0
ID_zHVJHm,0
ID_zHgkiX,0
ID_zJDBRN,0
ID_zKWUrV,0
ID_zLS4Lk,0
ID_zMXsYn,0
ID_zQpCNE,0
ID_zR8cdT,0
ID_zW4uAt,0
ID_zWGXDX,0
ID_zYeKnc,0
ID_zZYnyA,0
ID_zZaeS8,0
ID_zbpAQQ,0
ID_zcEE2c,0
ID_zd8d5b,0
ID_zdHg3n,0
ID_zdZatZ,0
ID_zeaYC2,0
ID_zh3st5,0
ID_zjtLaM,0
ID_zkcPg2,0
ID_zodi2C,0
ID_zrPaks,0
ID_zsj9zX,0
ID_ztbpf7,0
ID_ztnPBe,0
ID_zufSPk,0
ID_zuz9yf,0
ID_zvrMSX,0
ID_zy9Cfv,0
ID_zyAFd7,0
